grain,metric,rows_present,coverage_rate,numeric_rows,numeric_coverage_rate,example_value
player_match_stats_direct,360_minutes,350,1.0,350,1.0,0.0
player_match_stats_direct,aerial_ratio,350,1.0,212,0.6057142857142858,
player_match_stats_direct,aerials,350,1.0,350,1.0,0.0
player_match_stats_direct,aggressive_actions,350,1.0,350,1.0,1.0
player_match_stats_direct,assists,350,1.0,350,1.0,0.0
player_match_stats_direct,average_f3_space_received_in,350,1.0,0,0.0,
player_match_stats_direct,average_fhalf_space_received_in,350,1.0,0,0.0,
player_match_stats_direct,average_lbp_to_space_distance,350,1.0,0,0.0,
player_match_stats_direct,average_lbp_to_space_received_distance,350,1.0,0,0.0,
player_match_stats_direct,average_space_received_in,350,1.0,0,0.0,
player_match_stats_direct,backward_passes,350,1.0,350,1.0,0.0
player_match_stats_direct,ball_receipts_360,350,1.0,350,1.0,0.0
player_match_stats_direct,ball_receipts_in_space_10,350,1.0,350,1.0,0.0
player_match_stats_direct,ball_receipts_in_space_2,350,1.0,350,1.0,0.0
player_match_stats_direct,ball_receipts_in_space_5,350,1.0,350,1.0,0.0
player_match_stats_direct,ball_recoveries,350,1.0,350,1.0,3.0
player_match_stats_direct,box_cross_ratio,350,1.0,114,0.32571428571428573,
player_match_stats_direct,ccaa,350,1.0,343,0.98,-0.009103438920444913
player_match_stats_direct,challenge_ratio,350,1.0,231,0.66,
player_match_stats_direct,claim_success,350,1.0,12,0.03428571428571429,
player_match_stats_direct,clearances,350,1.0,350,1.0,1.0
player_match_stats_direct,counterpressure_duration_avg,350,1.0,252,0.72,0.8352499976754189
player_match_stats_direct,counterpressure_duration_total,350,1.0,252,0.72,3.341
player_match_stats_direct,counterpressured_action_fails,350,1.0,325,0.9285714285714286,0.0
player_match_stats_direct,counterpressures,350,1.0,325,0.9285714285714286,4.0
player_match_stats_direct,crosses,350,1.0,350,1.0,0.0
player_match_stats_direct,crosses_into_box,350,1.0,350,1.0,0.0
player_match_stats_direct,crossing_ratio,350,1.0,123,0.3514285714285714,
player_match_stats_direct,da_aggressive_distance,350,1.0,344,0.9828571428571429,79.25472259521484
player_match_stats_direct,deep_completions,350,1.0,350,1.0,0.0
player_match_stats_direct,deep_progressions,350,1.0,350,1.0,0.0
player_match_stats_direct,defensive_actions,350,1.0,350,1.0,4.0
player_match_stats_direct,dispossessions,350,1.0,350,1.0,2.0
player_match_stats_direct,dribbled_past,350,1.0,350,1.0,0.0
player_match_stats_direct,dribbles,350,1.0,350,1.0,0.0
player_match_stats_direct,dribbles_faced,350,1.0,350,1.0,0.0
player_match_stats_direct,f3_average_lbp_to_space_distance,350,1.0,0,0.0,
player_match_stats_direct,f3_average_lbp_to_space_received_distance,350,1.0,0,0.0,
player_match_stats_direct,f3_ball_receipts_360,350,1.0,350,1.0,0.0
player_match_stats_direct,f3_ball_receipts_in_space_10,350,1.0,350,1.0,0.0
player_match_stats_direct,f3_ball_receipts_in_space_2,350,1.0,350,1.0,0.0
player_match_stats_direct,f3_ball_receipts_in_space_5,350,1.0,350,1.0,0.0
player_match_stats_direct,f3_lbp,350,1.0,350,1.0,0.0
player_match_stats_direct,f3_lbp_completed,350,1.0,350,1.0,0.0
player_match_stats_direct,f3_lbp_received,350,1.0,350,1.0,0.0
player_match_stats_direct,f3_lbp_to_space_10,350,1.0,350,1.0,0.0
player_match_stats_direct,f3_lbp_to_space_10_received,350,1.0,350,1.0,0.0
player_match_stats_direct,f3_lbp_to_space_2,350,1.0,350,1.0,0.0
player_match_stats_direct,f3_lbp_to_space_2_received,350,1.0,350,1.0,0.0
player_match_stats_direct,f3_lbp_to_space_5,350,1.0,350,1.0,0.0
player_match_stats_direct,f3_lbp_to_space_5_received,350,1.0,350,1.0,0.0
player_match_stats_direct,f3_obv_lbp,350,1.0,0,0.0,
player_match_stats_direct,f3_obv_passes_360,350,1.0,0,0.0,
player_match_stats_direct,f3_passes_360,350,1.0,350,1.0,0.0
player_match_stats_direct,fhalf_average_lbp_to_space_distance,350,1.0,0,0.0,
player_match_stats_direct,fhalf_average_lbp_to_space_received_distance,350,1.0,0,0.0,
player_match_stats_direct,fhalf_ball_receipts_360,350,1.0,350,1.0,0.0
player_match_stats_direct,fhalf_ball_receipts_in_space_10,350,1.0,350,1.0,0.0
player_match_stats_direct,fhalf_ball_receipts_in_space_2,350,1.0,350,1.0,0.0
player_match_stats_direct,fhalf_ball_receipts_in_space_5,350,1.0,350,1.0,0.0
player_match_stats_direct,fhalf_ball_recoveries,350,1.0,350,1.0,2.0
player_match_stats_direct,fhalf_lbp,350,1.0,350,1.0,0.0
player_match_stats_direct,fhalf_lbp_completed,350,1.0,350,1.0,0.0
player_match_stats_direct,fhalf_lbp_received,350,1.0,350,1.0,0.0
player_match_stats_direct,fhalf_lbp_to_space_10,350,1.0,350,1.0,0.0
player_match_stats_direct,fhalf_lbp_to_space_10_received,350,1.0,350,1.0,0.0
player_match_stats_direct,fhalf_lbp_to_space_2,350,1.0,350,1.0,0.0
player_match_stats_direct,fhalf_lbp_to_space_2_received,350,1.0,350,1.0,0.0
player_match_stats_direct,fhalf_lbp_to_space_5,350,1.0,350,1.0,0.0
player_match_stats_direct,fhalf_lbp_to_space_5_received,350,1.0,350,1.0,0.0
player_match_stats_direct,fhalf_obv_lbp,350,1.0,0,0.0,
player_match_stats_direct,fhalf_obv_passes_360,350,1.0,0,0.0,
player_match_stats_direct,fhalf_passes_360,350,1.0,350,1.0,0.0
player_match_stats_direct,forward_passes,350,1.0,350,1.0,0.0
player_match_stats_direct,fouls,350,1.0,350,1.0,0.0
player_match_stats_direct,fouls_won,350,1.0,350,1.0,1.0
player_match_stats_direct,gk_positioning_error,350,1.0,21,0.06,
player_match_stats_direct,goals,350,1.0,350,1.0,1.0
player_match_stats_direct,goals_conceded,350,1.0,350,1.0,0.0
player_match_stats_direct,gsaa,350,1.0,350,1.0,0.0
player_match_stats_direct,gsaa_ratio,350,1.0,18,0.05142857142857143,
player_match_stats_direct,interceptions,350,1.0,350,1.0,0.0
player_match_stats_direct,key_passes,350,1.0,350,1.0,0.0
player_match_stats_direct,lbp,350,1.0,350,1.0,0.0
player_match_stats_direct,lbp_completed,350,1.0,350,1.0,0.0
player_match_stats_direct,lbp_received,350,1.0,350,1.0,0.0
player_match_stats_direct,lbp_to_space_10,350,1.0,350,1.0,0.0
player_match_stats_direct,lbp_to_space_10_received,350,1.0,350,1.0,0.0
player_match_stats_direct,lbp_to_space_2,350,1.0,350,1.0,0.0
player_match_stats_direct,lbp_to_space_2_received,350,1.0,350,1.0,0.0
player_match_stats_direct,lbp_to_space_5,350,1.0,350,1.0,0.0
player_match_stats_direct,lbp_to_space_5_received,350,1.0,350,1.0,0.0
player_match_stats_direct,long_ball_ratio,350,1.0,267,0.7628571428571429,
player_match_stats_direct,long_balls,350,1.0,350,1.0,0.0
player_match_stats_direct,minutes,350,1.0,350,1.0,29.4
player_match_stats_direct,np_goals,350,1.0,350,1.0,1.0
player_match_stats_direct,np_psxg,350,1.0,350,1.0,0.48753154
player_match_stats_direct,np_shots,350,1.0,350,1.0,1.0
player_match_stats_direct,np_shots_on_target,350,1.0,350,1.0,1.0
player_match_stats_direct,np_xg,350,1.0,350,1.0,0.19881123
player_match_stats_direct,np_xg_per_shot,350,1.0,152,0.4342857142857143,0.19881123304367065
player_match_stats_direct,npot_psxg_faced,350,1.0,350,1.0,0.0
player_match_stats_direct,npot_shots_faced,350,1.0,350,1.0,0.0
player_match_stats_direct,obv,350,1.0,349,0.9971428571428571,0.28320324
player_match_stats_direct,obv_defensive_action,350,1.0,311,0.8885714285714286,0.035878904
player_match_stats_direct,obv_dribble_carry,350,1.0,347,0.9914285714285714,0.053756386
player_match_stats_direct,obv_gk,350,1.0,22,0.06285714285714286,
player_match_stats_direct,obv_lbp,350,1.0,0,0.0,
player_match_stats_direct,obv_pass,350,1.0,348,0.9942857142857143,-0.0822162
player_match_stats_direct,obv_passes_360,350,1.0,0,0.0,
player_match_stats_direct,obv_shot,350,1.0,154,0.44,0.27578416
player_match_stats_direct,op_assists,350,1.0,350,1.0,0.0
player_match_stats_direct,op_f3_backward_passes,350,1.0,350,1.0,0.0
player_match_stats_direct,op_f3_forward_passes,350,1.0,350,1.0,0.0
player_match_stats_direct,op_f3_passes,350,1.0,350,1.0,1.0
player_match_stats_direct,op_f3_sideways_passes,350,1.0,350,1.0,1.0
player_match_stats_direct,op_key_passes,350,1.0,350,1.0,0.0
player_match_stats_direct,op_passes,350,1.0,350,1.0,5.0
player_match_stats_direct,op_passes_into_box,350,1.0,350,1.0,0.0
player_match_stats_direct,op_shots,350,1.0,350,1.0,1.0
player_match_stats_direct,op_xa,350,1.0,350,1.0,0.0
player_match_stats_direct,op_xgbuildup,350,1.0,350,1.0,0.19881123
player_match_stats_direct,op_xgbuildup_per_possession,350,1.0,350,1.0,0.019881123304367067
player_match_stats_direct,op_xgchain,350,1.0,350,1.0,0.19881123
player_match_stats_direct,op_xgchain_per_possession,350,1.0,350,1.0,0.019881123304367067
player_match_stats_direct,passes,350,1.0,350,1.0,5.0
player_match_stats_direct,passes_360,350,1.0,350,1.0,0.0
player_match_stats_direct,passes_inside_box,350,1.0,350,1.0,0.0
player_match_stats_direct,passes_into_box,350,1.0,350,1.0,0.0
player_match_stats_direct,passing_ratio,350,1.0,348,0.9942857142857143,0.6
player_match_stats_direct,penalties_conceded,350,1.0,350,1.0,0.0
player_match_stats_direct,penalties_faced,350,1.0,350,1.0,0.0
player_match_stats_direct,penalties_won,350,1.0,350,1.0,0.0
player_match_stats_direct,positive_outcome_score,350,1.0,302,0.8628571428571429,0.3333333333333333
player_match_stats_direct,possession,350,1.0,350,1.0,0.44769874
player_match_stats_direct,pressure_duration_avg,350,1.0,325,0.9285714285714286,0.8352499976754189
player_match_stats_direct,pressure_duration_total,350,1.0,325,0.9285714285714286,3.341
player_match_stats_direct,pressure_regains,350,1.0,350,1.0,1.0
player_match_stats_direct,pressured_action_fails,350,1.0,325,0.9285714285714286,0.0
player_match_stats_direct,pressured_long_balls,350,1.0,350,1.0,1.0
player_match_stats_direct,pressures,350,1.0,325,0.9285714285714286,4.0
player_match_stats_direct,save_ratio,350,1.0,350,1.0,0.0
player_match_stats_direct,shot_touch_ratio,350,1.0,349,0.9971428571428571,0.0625
player_match_stats_direct,shots_blocked,350,1.0,350,1.0,1.0
player_match_stats_direct,sideways_passes,350,1.0,350,1.0,5.0
player_match_stats_direct,sp_xa,350,1.0,350,1.0,0.0
player_match_stats_direct,successful_aerials,350,1.0,350,1.0,0.0
player_match_stats_direct,successful_crosses,350,1.0,350,1.0,0.0
player_match_stats_direct,successful_long_balls,350,1.0,350,1.0,0.0
player_match_stats_direct,successful_passes,350,1.0,350,1.0,3.0
player_match_stats_direct,tackles,350,1.0,350,1.0,0.0
player_match_stats_direct,through_balls,350,1.0,350,1.0,0.0
player_match_stats_direct,touches,350,1.0,350,1.0,16.0
player_match_stats_direct,touches_inside_box,350,1.0,350,1.0,1.0
player_match_stats_direct,turnovers,350,1.0,350,1.0,2.0
player_match_stats_direct,unpressured_long_balls,350,1.0,350,1.0,0.0
player_match_stats_direct,xa,350,1.0,350,1.0,0.0
player_match_stats_direct,xgbuildup,350,1.0,350,1.0,0.19881123
player_match_stats_direct,xgbuildup_per_possession,350,1.0,350,1.0,0.019881123304367067
player_match_stats_direct,xgchain,350,1.0,350,1.0,0.19881123
player_match_stats_direct,xgchain_per_possession,350,1.0,350,1.0,0.019881123304367067
team_match_stats_direct,aerial_duel_difficulty,20,1.0,20,1.0,0.5471857
team_match_stats_direct,aggression,20,1.0,20,1.0,0.19692307692307692
team_match_stats_direct,aggressive_actions,20,1.0,20,1.0,64.0
team_match_stats_direct,ball_in_play_time,20,1.0,20,1.0,45.5693
team_match_stats_direct,box_cross_ratio,20,1.0,20,1.0,0.42857142857142855
team_match_stats_direct,completed_dribbles,20,1.0,20,1.0,9.0
team_match_stats_direct,completed_dribbles_conceded,20,1.0,20,1.0,6.0
team_match_stats_direct,corner_goal_ratio,20,1.0,20,1.0,0.0
team_match_stats_direct,corner_goal_ratio_conceded,18,0.9,18,0.9,0.0
team_match_stats_direct,corner_shot_ratio,20,1.0,20,1.0,0.3333333
team_match_stats_direct,corner_shot_ratio_conceded,18,0.9,18,0.9,1.0
team_match_stats_direct,corner_xg,20,1.0,20,1.0,0.0081689
team_match_stats_direct,corner_xg_conceded,20,1.0,20,1.0,0.2775985
team_match_stats_direct,corners,20,1.0,20,1.0,3.0
team_match_stats_direct,corners_conceded,20,1.0,20,1.0,5.0
team_match_stats_direct,counter_attacking_shots,20,1.0,20,1.0,1.0
team_match_stats_direct,counter_attacking_shots_conceded,20,1.0,20,1.0,0.0
team_match_stats_direct,counterpressure_regains,20,1.0,20,1.0,6.0
team_match_stats_direct,counterpressures,20,1.0,20,1.0,37.0
team_match_stats_direct,crosses_into_box,20,1.0,20,1.0,15.0
team_match_stats_direct,deep_completions,20,1.0,20,1.0,4.0
team_match_stats_direct,deep_completions_conceded,20,1.0,20,1.0,1.0
team_match_stats_direct,deep_progressions,20,1.0,20,1.0,42.0
team_match_stats_direct,deep_progressions_conceded,20,1.0,20,1.0,33.0
team_match_stats_direct,defensive_action_regains,20,1.0,20,1.0,58.0
team_match_stats_direct,defensive_distance,20,1.0,20,1.0,42.476913
team_match_stats_direct,defensive_distance_ppda,20,1.0,20,1.0,4.247691417875744
team_match_stats_direct,direct_free_kick_goal_ratio,20,1.0,20,1.0,0.0
team_match_stats_direct,direct_free_kick_goal_ratio_conceded,14,0.7,14,0.7,0.0
team_match_stats_direct,direct_free_kick_goals,20,1.0,20,1.0,0.0
team_match_stats_direct,direct_free_kick_goals_conceded,20,1.0,20,1.0,0.0
team_match_stats_direct,direct_free_kick_shot_ratio,14,0.7,14,0.7,0.0
team_match_stats_direct,direct_free_kick_shot_ratio_conceded,14,0.7,14,0.7,0.0
team_match_stats_direct,direct_free_kick_xg,20,1.0,20,1.0,0.1009443
team_match_stats_direct,direct_free_kick_xg_conceded,20,1.0,20,1.0,0.0647241
team_match_stats_direct,direct_free_kicks,20,1.0,20,1.0,2.0
team_match_stats_direct,direct_free_kicks_conceded,20,1.0,20,1.0,2.0
team_match_stats_direct,directness,20,1.0,20,1.0,0.909794
team_match_stats_direct,dribble_ratio,20,1.0,20,1.0,0.6428571428571429
team_match_stats_direct,failed_dribbles,20,1.0,20,1.0,5.0
team_match_stats_direct,failed_dribbles_conceded,20,1.0,20,1.0,5.0
team_match_stats_direct,fhalf_counterpressures,20,1.0,20,1.0,29.0
team_match_stats_direct,fhalf_counterpressures_ratio,20,1.0,20,1.0,0.7837837837837838
team_match_stats_direct,fhalf_pressures,20,1.0,20,1.0,59.0
team_match_stats_direct,fhalf_pressures_ratio,20,1.0,20,1.0,0.44360902255639095
team_match_stats_direct,free_kick_goal_ratio,20,1.0,20,1.0,0.0
team_match_stats_direct,free_kick_goal_ratio_conceded,20,1.0,20,1.0,0.0
team_match_stats_direct,free_kick_shot_ratio,20,1.0,20,1.0,0.0
team_match_stats_direct,free_kick_shot_ratio_conceded,20,1.0,20,1.0,0.0625
team_match_stats_direct,free_kick_xg,20,1.0,20,1.0,0.0
team_match_stats_direct,free_kick_xg_conceded,20,1.0,20,1.0,0.0224776
team_match_stats_direct,free_kicks,20,1.0,20,1.0,11.0
team_match_stats_direct,free_kicks_conceded,20,1.0,20,1.0,16.0
team_match_stats_direct,gd,20,1.0,20,1.0,1.0
team_match_stats_direct,gk_long_pass_ratio,20,1.0,20,1.0,0.5714285714285714
team_match_stats_direct,gk_pass_distance,20,1.0,20,1.0,29.143095
team_match_stats_direct,goals,20,1.0,20,1.0,1.0
team_match_stats_direct,goals_conceded,20,1.0,20,1.0,0.0
team_match_stats_direct,goals_from_corners,20,1.0,20,1.0,0.0
team_match_stats_direct,goals_from_corners_conceded,20,1.0,20,1.0,0.0
team_match_stats_direct,goals_from_free_kicks,20,1.0,20,1.0,0.0
team_match_stats_direct,goals_from_free_kicks_conceded,20,1.0,20,1.0,0.0
team_match_stats_direct,goals_from_indirect_free_kicks,20,1.0,20,1.0,0.0
team_match_stats_direct,goals_from_indirect_free_kicks_conceded,20,1.0,20,1.0,0.0
team_match_stats_direct,goals_from_throw_ins,20,1.0,20,1.0,0.0
team_match_stats_direct,goals_from_throw_ins_conceded,20,1.0,20,1.0,0.0
team_match_stats_direct,high_press_shots,20,1.0,20,1.0,2.0
team_match_stats_direct,high_press_shots_conceded,20,1.0,20,1.0,1.0
team_match_stats_direct,indirect_free_kick_goal_ratio,20,1.0,20,1.0,0.0
team_match_stats_direct,indirect_free_kick_goal_ratio_conceded,20,1.0,20,1.0,0.0
team_match_stats_direct,indirect_free_kick_shot_ratio,20,1.0,20,1.0,0.0
team_match_stats_direct,indirect_free_kick_shot_ratio_conceded,20,1.0,20,1.0,0.0
team_match_stats_direct,indirect_free_kick_xg,20,1.0,20,1.0,0.0
team_match_stats_direct,indirect_free_kick_xg_conceded,20,1.0,20,1.0,0.0
team_match_stats_direct,indirect_free_kicks,20,1.0,20,1.0,9.0
team_match_stats_direct,indirect_free_kicks_conceded,20,1.0,20,1.0,14.0
team_match_stats_direct,np_gd,20,1.0,20,1.0,1.0
team_match_stats_direct,np_shot_distance,20,1.0,20,1.0,17.283773
team_match_stats_direct,np_shot_distance_conceded,20,1.0,20,1.0,21.970087
team_match_stats_direct,np_shots,20,1.0,20,1.0,13.0
team_match_stats_direct,np_shots_conceded,20,1.0,20,1.0,12.0
team_match_stats_direct,np_xg,20,1.0,20,1.0,0.9519212
team_match_stats_direct,np_xg_conceded,20,1.0,20,1.0,0.5051806
team_match_stats_direct,np_xg_per_shot,20,1.0,20,1.0,0.07322471
team_match_stats_direct,np_xg_per_shot_conceded,20,1.0,20,1.0,0.042098384
team_match_stats_direct,np_xgd,20,1.0,20,1.0,0.44674063
team_match_stats_direct,obv,20,1.0,20,1.0,2.4780557
team_match_stats_direct,obv_conceded,20,1.0,20,1.0,1.7721622
team_match_stats_direct,obv_defensive_action,20,1.0,20,1.0,-0.24631682
team_match_stats_direct,obv_defensive_action_conceded,20,1.0,20,1.0,0.3540775
team_match_stats_direct,obv_dribble_carry,20,1.0,20,1.0,1.3260038
team_match_stats_direct,obv_dribble_carry_conceded,20,1.0,20,1.0,0.42878
team_match_stats_direct,obv_gk,19,0.95,19,0.95,0.94008005
team_match_stats_direct,obv_gk_conceded,19,0.95,19,0.95,0.63324773
team_match_stats_direct,obv_pass,20,1.0,20,1.0,0.63205725
team_match_stats_direct,obv_pass_conceded,20,1.0,20,1.0,0.79298663
team_match_stats_direct,obv_shot,20,1.0,20,1.0,-0.17376827
team_match_stats_direct,obv_shot_nconceded,20,1.0,20,1.0,-0.4369299
team_match_stats_direct,op_passes,20,1.0,20,1.0,444.0
team_match_stats_direct,op_passes_conceded,20,1.0,20,1.0,276.0
team_match_stats_direct,op_shot_distance,20,1.0,20,1.0,16.037106
team_match_stats_direct,op_shot_distance_conceded,20,1.0,20,1.0,24.615881
team_match_stats_direct,op_shots,20,1.0,20,1.0,10.0
team_match_stats_direct,op_shots_conceded,20,1.0,20,1.0,5.0
team_match_stats_direct,op_shots_conceded_outside_box,20,1.0,20,1.0,4.0
team_match_stats_direct,op_shots_outside_box,20,1.0,20,1.0,2.0
team_match_stats_direct,op_xg,20,1.0,20,1.0,0.842808
team_match_stats_direct,op_xg_conceded,20,1.0,20,1.0,0.16520321
team_match_stats_direct,opp_final_third_pass_ratio,20,1.0,20,1.0,0.5
team_match_stats_direct,opp_passing_ratio,20,1.0,20,1.0,0.7292307692307692
team_match_stats_direct,opposition_dribble_ratio,20,1.0,20,1.0,0.5454545454545454
team_match_stats_direct,opposition_own_goals,20,1.0,20,1.0,0.0
team_match_stats_direct,own_goals,20,1.0,20,1.0,0.0
team_match_stats_direct,pace_towards_goal,20,1.0,20,1.0,2.6963602748110533
team_match_stats_direct,passes,20,1.0,20,1.0,482.0
team_match_stats_direct,passes_conceded,20,1.0,20,1.0,325.0
team_match_stats_direct,passes_inside_box,20,1.0,20,1.0,3.0
team_match_stats_direct,passes_inside_box_conceded,20,1.0,20,1.0,1.0
team_match_stats_direct,passing_ratio,20,1.0,20,1.0,0.5
team_match_stats_direct,penalties_conceded,20,1.0,20,1.0,1.0
team_match_stats_direct,penalties_won,20,1.0,20,1.0,0.0
team_match_stats_direct,penalty_goals,20,1.0,20,1.0,0.0
team_match_stats_direct,penalty_goals_conceded,20,1.0,20,1.0,0.0
team_match_stats_direct,possession,20,1.0,20,1.0,0.59727385377943
team_match_stats_direct,possessions,20,1.0,20,1.0,181.0
team_match_stats_direct,ppda,20,1.0,20,1.0,10.0
team_match_stats_direct,pressure_regains,20,1.0,20,1.0,35.0
team_match_stats_direct,pressures,20,1.0,20,1.0,133.0
team_match_stats_direct,red_cards,20,1.0,20,1.0,0.0
team_match_stats_direct,second_yellow_cards,20,1.0,20,1.0,0.0
team_match_stats_direct,shots_from_corners,20,1.0,20,1.0,1.0
team_match_stats_direct,shots_from_corners_conceded,20,1.0,20,1.0,5.0
team_match_stats_direct,shots_from_direct_free_kicks,20,1.0,20,1.0,0.0
team_match_stats_direct,shots_from_direct_free_kicks_conceded,20,1.0,20,1.0,0.0
team_match_stats_direct,shots_from_free_kicks,20,1.0,20,1.0,0.0
team_match_stats_direct,shots_from_free_kicks_conceded,20,1.0,20,1.0,1.0
team_match_stats_direct,shots_from_indirect_free_kicks,20,1.0,20,1.0,0.0
team_match_stats_direct,shots_from_indirect_free_kicks_conceded,20,1.0,20,1.0,0.0
team_match_stats_direct,shots_from_throw_ins,20,1.0,20,1.0,0.0
team_match_stats_direct,shots_from_throw_ins_conceded,20,1.0,20,1.0,0.0
team_match_stats_direct,shots_in_clear,20,1.0,20,1.0,3.0
team_match_stats_direct,shots_in_clear_conceded,20,1.0,20,1.0,0.0
team_match_stats_direct,sp,20,1.0,20,1.0,34.0
team_match_stats_direct,sp_conceded,20,1.0,20,1.0,40.0
team_match_stats_direct,sp_goal_ratio,20,1.0,20,1.0,0.0
team_match_stats_direct,sp_goal_ratio_conceded,20,1.0,20,1.0,0.0
team_match_stats_direct,sp_goals,20,1.0,20,1.0,0.0
team_match_stats_direct,sp_goals_conceded,20,1.0,20,1.0,0.0
team_match_stats_direct,sp_shot_distance,19,0.95,19,0.95,21.439325
team_match_stats_direct,sp_shot_distance_conceded,19,0.95,19,0.95,20.08024
team_match_stats_direct,sp_shot_ratio,20,1.0,20,1.0,0.0294118
team_match_stats_direct,sp_shot_ratio_conceded,20,1.0,20,1.0,0.15
team_match_stats_direct,sp_shots,20,1.0,20,1.0,1.0
team_match_stats_direct,sp_shots_conceded,20,1.0,20,1.0,6.0
team_match_stats_direct,sp_xg,20,1.0,20,1.0,0.0081689
team_match_stats_direct,sp_xg_conceded,20,1.0,20,1.0,0.3000761
team_match_stats_direct,successful_box_cross_ratio,20,1.0,20,1.0,0.4
team_match_stats_direct,successful_crosses_into_box,20,1.0,20,1.0,4.0
team_match_stats_direct,successful_passes,20,1.0,20,1.0,389.0
team_match_stats_direct,successful_passes_conceded,20,1.0,20,1.0,237.0
team_match_stats_direct,throw_in_goal_ratio,20,1.0,20,1.0,0.0
team_match_stats_direct,throw_in_goal_ratio_conceded,20,1.0,20,1.0,0.0
team_match_stats_direct,throw_in_shot_ratio,20,1.0,20,1.0,0.0
team_match_stats_direct,throw_in_shot_ratio_conceded,20,1.0,20,1.0,0.0
team_match_stats_direct,throw_in_xg,20,1.0,20,1.0,0.0
team_match_stats_direct,throw_in_xg_conceded,20,1.0,20,1.0,0.0
team_match_stats_direct,throw_ins,20,1.0,20,1.0,20.0
team_match_stats_direct,throw_ins_conceded,20,1.0,20,1.0,19.0
team_match_stats_direct,total_dribbles,20,1.0,20,1.0,14.0
team_match_stats_direct,total_dribbles_conceded,20,1.0,20,1.0,11.0
team_match_stats_direct,xg_per_corner,18,0.9,18,0.9,0.002723
team_match_stats_direct,xg_per_corner_conceded,18,0.9,18,0.9,0.0555197
team_match_stats_direct,xg_per_direct_free_kick,14,0.7,14,0.7,0.0504721
team_match_stats_direct,xg_per_direct_free_kick_conceded,14,0.7,14,0.7,0.0323621
team_match_stats_direct,xg_per_free_kick,20,1.0,20,1.0,0.0
team_match_stats_direct,xg_per_free_kick_conceded,20,1.0,20,1.0,0.0014048
team_match_stats_direct,xg_per_indirect_free_kick,20,1.0,20,1.0,0.0
team_match_stats_direct,xg_per_indirect_free_kick_conceded,20,1.0,20,1.0,0.0
team_match_stats_direct,xg_per_sp,20,1.0,20,1.0,0.0002403
team_match_stats_direct,xg_per_sp_conceded,20,1.0,20,1.0,0.0075019
team_match_stats_direct,xg_per_throw_in,20,1.0,20,1.0,0.0
team_match_stats_direct,xg_per_throw_in_conceded,20,1.0,20,1.0,0.0
team_match_stats_direct,xgd,20,1.0,20,1.0,-0.33675933
team_match_stats_direct,yellow_cards,20,1.0,20,1.0,1.0
player_season_stats_direct,360_minutes,489,1.0,489,1.0,0.0
player_season_stats_direct,90s_played,489,1.0,489,1.0,14.293519
player_season_stats_direct,aerial_ratio,489,1.0,427,0.8732106339468303,
player_season_stats_direct,aerial_wins_90,489,1.0,489,1.0,0.0
player_season_stats_direct,aggressive_actions_90,489,1.0,489,1.0,0.20988533
player_season_stats_direct,appearances,489,1.0,489,1.0,13
player_season_stats_direct,assists_90,489,1.0,489,1.0,0.0
player_season_stats_direct,average_f3_space_received_in,489,1.0,0,0.0,
player_season_stats_direct,average_fhalf_space_received_in,489,1.0,0,0.0,
player_season_stats_direct,average_lbp_to_space_distance,489,1.0,0,0.0,
player_season_stats_direct,average_lbp_to_space_received_distance,489,1.0,0,0.0,
player_season_stats_direct,average_minutes,489,1.0,489,1.0,98.95513
player_season_stats_direct,average_space_received_in,489,1.0,0,0.0,
player_season_stats_direct,average_x_defensive_action,489,1.0,488,0.9979550102249489,2.6030953
player_season_stats_direct,average_x_pass,489,1.0,485,0.9918200408997955,11.956546
player_season_stats_direct,average_x_pressure,489,1.0,465,0.950920245398773,50.196426
player_season_stats_direct,backward_pass_proportion,489,1.0,488,0.9979550102249489,0.0
player_season_stats_direct,ball_receipts_in_space_10_ratio,489,1.0,0,0.0,
player_season_stats_direct,ball_receipts_in_space_2_ratio,489,1.0,0,0.0,
player_season_stats_direct,ball_receipts_in_space_5_ratio,489,1.0,0,0.0,
player_season_stats_direct,ball_recoveries_90,489,1.0,489,1.0,3.428127
player_season_stats_direct,blocks_per_shot,489,1.0,488,0.9979550102249489,0.0
player_season_stats_direct,box_cross_ratio,489,1.0,362,0.7402862985685071,0.0
player_season_stats_direct,carries_90,489,1.0,489,1.0,14.062316
player_season_stats_direct,carry_length,489,1.0,488,0.9979550102249489,5.305483
player_season_stats_direct,carry_ratio,489,1.0,488,0.9979550102249489,1.0
player_season_stats_direct,challenge_ratio,489,1.0,433,0.885480572597137,
player_season_stats_direct,change_in_passing_ratio,489,1.0,479,0.9795501022494888,-0.007755037
player_season_stats_direct,clcaa,489,1.0,489,1.0,-0.018771755
player_season_stats_direct,clearance_90,489,1.0,489,1.0,0.0
player_season_stats_direct,conversion_ratio,489,1.0,384,0.7852760736196319,
player_season_stats_direct,counterpressure_regains_90,489,1.0,489,1.0,0.0
player_season_stats_direct,counterpressures_90,489,1.0,489,1.0,0.06996178
player_season_stats_direct,crosses_90,489,1.0,489,1.0,0.0
player_season_stats_direct,crossing_ratio,489,1.0,349,0.7137014314928425,
player_season_stats_direct,da_aggressive_distance,489,1.0,489,1.0,19.02868
player_season_stats_direct,deep_completions_90,489,1.0,489,1.0,0.0
player_season_stats_direct,deep_progressions_90,489,1.0,489,1.0,1.7490444
player_season_stats_direct,defensive_action_regains_90,489,1.0,489,1.0,6.3665214
player_season_stats_direct,defensive_actions_90,489,1.0,489,1.0,0.27984712
player_season_stats_direct,dispossessions_90,489,1.0,489,1.0,0.0
player_season_stats_direct,dribble_faced_ratio,489,1.0,412,0.8425357873210634,
player_season_stats_direct,dribble_ratio,489,1.0,391,0.7995910020449898,1.0
player_season_stats_direct,dribbled_past_90,489,1.0,489,1.0,0.0
player_season_stats_direct,dribbles_90,489,1.0,489,1.0,0.13992356
player_season_stats_direct,errors_90,489,1.0,489,1.0,0.0
player_season_stats_direct,f3_average_lbp_to_space_distance,489,1.0,0,0.0,
player_season_stats_direct,f3_average_lbp_to_space_received_distance,489,1.0,0,0.0,
player_season_stats_direct,f3_ball_receipts_in_space_10_ratio,489,1.0,0,0.0,
player_season_stats_direct,f3_ball_receipts_in_space_2_ratio,489,1.0,0,0.0,
player_season_stats_direct,f3_ball_receipts_in_space_5_ratio,489,1.0,0,0.0,
player_season_stats_direct,f3_lbp_90,489,1.0,0,0.0,
player_season_stats_direct,f3_lbp_completed_90,489,1.0,0,0.0,
player_season_stats_direct,f3_lbp_pass_ratio,489,1.0,0,0.0,
player_season_stats_direct,f3_lbp_ratio,489,1.0,0,0.0,
player_season_stats_direct,f3_lbp_received_90,489,1.0,0,0.0,
player_season_stats_direct,f3_lbp_to_space_10_90,489,1.0,0,0.0,
player_season_stats_direct,f3_lbp_to_space_10_received_90,489,1.0,0,0.0,
player_season_stats_direct,f3_lbp_to_space_2_90,489,1.0,0,0.0,
player_season_stats_direct,f3_lbp_to_space_2_received_90,489,1.0,0,0.0,
player_season_stats_direct,f3_lbp_to_space_5_90,489,1.0,0,0.0,
player_season_stats_direct,f3_lbp_to_space_5_received_90,489,1.0,0,0.0,
player_season_stats_direct,f3_obv_lbp_90,489,1.0,0,0.0,
player_season_stats_direct,failed_dribbles_90,489,1.0,489,1.0,0.0
player_season_stats_direct,fhalf_average_lbp_to_space_distance,489,1.0,0,0.0,
player_season_stats_direct,fhalf_average_lbp_to_space_received_distance,489,1.0,0,0.0,
player_season_stats_direct,fhalf_ball_receipts_in_space_10_ratio,489,1.0,0,0.0,
player_season_stats_direct,fhalf_ball_receipts_in_space_2_ratio,489,1.0,0,0.0,
player_season_stats_direct,fhalf_ball_receipts_in_space_5_ratio,489,1.0,0,0.0,
player_season_stats_direct,fhalf_ball_recoveries_90,489,1.0,489,1.0,0.0
player_season_stats_direct,fhalf_counterpressures_90,489,1.0,489,1.0,0.06996178
player_season_stats_direct,fhalf_counterpressures_ratio,489,1.0,439,0.8977505112474438,1.0
player_season_stats_direct,fhalf_lbp_90,489,1.0,0,0.0,
player_season_stats_direct,fhalf_lbp_completed_90,489,1.0,0,0.0,
player_season_stats_direct,fhalf_lbp_pass_ratio,489,1.0,0,0.0,
player_season_stats_direct,fhalf_lbp_ratio,489,1.0,0,0.0,
player_season_stats_direct,fhalf_lbp_received_90,489,1.0,0,0.0,
player_season_stats_direct,fhalf_lbp_to_space_10_90,489,1.0,0,0.0,
player_season_stats_direct,fhalf_lbp_to_space_10_received_90,489,1.0,0,0.0,
player_season_stats_direct,fhalf_lbp_to_space_2_90,489,1.0,0,0.0,
player_season_stats_direct,fhalf_lbp_to_space_2_received_90,489,1.0,0,0.0,
player_season_stats_direct,fhalf_lbp_to_space_5_90,489,1.0,0,0.0,
player_season_stats_direct,fhalf_lbp_to_space_5_received_90,489,1.0,0,0.0,
player_season_stats_direct,fhalf_obv_lbp_90,489,1.0,0,0.0,
player_season_stats_direct,fhalf_pressures_90,489,1.0,489,1.0,0.06996178
player_season_stats_direct,fhalf_pressures_ratio,489,1.0,465,0.950920245398773,0.5
player_season_stats_direct,forward_pass_proportion,489,1.0,488,0.9979550102249489,0.5754716981132075
player_season_stats_direct,fouls_90,489,1.0,489,1.0,0.13992356
player_season_stats_direct,fouls_won_90,489,1.0,489,1.0,0.06996178
player_season_stats_direct,goals_90,489,1.0,489,1.0,0.0
player_season_stats_direct,goals_faced_90,489,1.0,489,1.0,1.1193885
player_season_stats_direct,gsaa_90,489,1.0,489,1.0,-0.122433305
player_season_stats_direct,gsaa_ratio,489,1.0,38,0.07770961145194274,-0.04069774095402207
player_season_stats_direct,interceptions_90,489,1.0,489,1.0,0.0
player_season_stats_direct,key_passes_90,489,1.0,489,1.0,0.06996178
player_season_stats_direct,lbp_90,489,1.0,0,0.0,
player_season_stats_direct,lbp_completed_90,489,1.0,0,0.0,
player_season_stats_direct,lbp_pass_ratio,489,1.0,0,0.0,
player_season_stats_direct,lbp_ratio,489,1.0,0,0.0,
player_season_stats_direct,lbp_received_90,489,1.0,0,0.0,
player_season_stats_direct,lbp_to_space_10_90,489,1.0,0,0.0,
player_season_stats_direct,lbp_to_space_10_received_90,489,1.0,0,0.0,
player_season_stats_direct,lbp_to_space_2_90,489,1.0,0,0.0,
player_season_stats_direct,lbp_to_space_2_received_90,489,1.0,0,0.0,
player_season_stats_direct,lbp_to_space_5_90,489,1.0,0,0.0,
player_season_stats_direct,lbp_to_space_5_received_90,489,1.0,0,0.0,
player_season_stats_direct,left_foot_ratio,489,1.0,485,0.9918200408997955,0.0319634703196347
player_season_stats_direct,long_ball_ratio,489,1.0,468,0.9570552147239264,0.41509433962264153
player_season_stats_direct,long_balls_90,489,1.0,489,1.0,7.6957955
player_season_stats_direct,minutes,489,1.0,489,1.0,1286.4167
player_season_stats_direct,most_recent_match,489,1.0,0,0.0,2026-03-08T22:00
player_season_stats_direct,np_optimal_gk_dlength,489,1.0,489,1.0,1.9544014
player_season_stats_direct,np_psxg_90,489,1.0,489,1.0,0.0
player_season_stats_direct,np_psxg_faced_90,489,1.0,489,1.0,0.99695516
player_season_stats_direct,np_shots_90,489,1.0,489,1.0,0.0
player_season_stats_direct,np_xg_90,489,1.0,489,1.0,0.0
player_season_stats_direct,np_xg_faced_90,489,1.0,489,1.0,1.0763996
player_season_stats_direct,np_xg_per_shot,489,1.0,384,0.7852760736196319,
player_season_stats_direct,npg_90,489,1.0,489,1.0,0.0
player_season_stats_direct,npga_90,489,1.0,489,1.0,0.0
player_season_stats_direct,npot_psxg_faced_90,489,1.0,489,1.0,0.99695516
player_season_stats_direct,npxgxa_90,489,1.0,489,1.0,0.0019134459
player_season_stats_direct,obv_90,489,1.0,488,0.9979550102249489,-0.12630835
player_season_stats_direct,obv_defensive_action_90,489,1.0,463,0.9468302658486708,-0.042143077
player_season_stats_direct,obv_dribble_carry_90,489,1.0,488,0.9979550102249489,0.03551397
player_season_stats_direct,obv_gk_90,489,1.0,40,0.081799591002045,-0.23370144
player_season_stats_direct,obv_lbp_90,489,1.0,0,0.0,
player_season_stats_direct,obv_pass_90,489,1.0,488,0.9979550102249489,0.11402217
player_season_stats_direct,obv_shot_90,489,1.0,383,0.7832310838445807,
player_season_stats_direct,op_assists_90,489,1.0,489,1.0,0.0
player_season_stats_direct,op_f3_backward_pass_proportion,489,1.0,469,0.9591002044989775,0.0
player_season_stats_direct,op_f3_forward_pass_proportion,489,1.0,469,0.9591002044989775,1.0
player_season_stats_direct,op_f3_passes_90,489,1.0,489,1.0,0.27984712
player_season_stats_direct,op_f3_sideways_pass_proportion,489,1.0,469,0.9591002044989775,0.0
player_season_stats_direct,op_key_passes_90,489,1.0,489,1.0,0.0
player_season_stats_direct,op_passes_90,489,1.0,489,1.0,16.93075
player_season_stats_direct,op_passes_into_and_touches_inside_box_90,489,1.0,489,1.0,0.0
player_season_stats_direct,op_passes_into_box_90,489,1.0,489,1.0,0.0
player_season_stats_direct,op_xa_90,489,1.0,489,1.0,0.0
player_season_stats_direct,op_xgbuildup,489,1.0,489,1.0,1.0408111
player_season_stats_direct,op_xgbuildup_90,489,1.0,489,1.0,0.07281699
player_season_stats_direct,op_xgbuildup_per_possession,489,1.0,489,1.0,0.002454743
player_season_stats_direct,op_xgchain,489,1.0,489,1.0,1.0408111
player_season_stats_direct,op_xgchain_90,489,1.0,489,1.0,0.07281699
player_season_stats_direct,op_xgchain_per_possession,489,1.0,489,1.0,0.002454743
player_season_stats_direct,ot_shots_faced_90,489,1.0,489,1.0,3.0083563
player_season_stats_direct,ot_shots_faced_ratio,489,1.0,40,0.081799591002045,0.28289473684210525
player_season_stats_direct,over_under_performance_90,489,1.0,489,1.0,-0.0019134459
player_season_stats_direct,p_pass_length,489,1.0,479,0.9795501022494888,39.94406509399414
player_season_stats_direct,padj_clearances_90,489,1.0,489,1.0,0.0
player_season_stats_direct,padj_interceptions_90,489,1.0,489,1.0,0.0
player_season_stats_direct,padj_pressures_90,489,1.0,489,1.0,0.13200904
player_season_stats_direct,padj_tackles_90,489,1.0,489,1.0,0.0
player_season_stats_direct,padj_tackles_and_interceptions_90,489,1.0,489,1.0,0.0
player_season_stats_direct,pass_into_danger_ratio,489,1.0,488,0.9979550102249489,0.2735849
player_season_stats_direct,pass_into_pressure_ratio,489,1.0,488,0.9979550102249489,0.018867925
player_season_stats_direct,pass_length,489,1.0,488,0.9979550102249489,46.972624005011795
player_season_stats_direct,pass_length_ratio,489,1.0,485,0.9918200408997955,0.7782371
player_season_stats_direct,passes_inside_box_90,489,1.0,489,1.0,0.0
player_season_stats_direct,passes_into_box_90,489,1.0,489,1.0,0.20988533
player_season_stats_direct,passes_pressed_ratio,489,1.0,488,0.9979550102249489,0.1391509433962264
player_season_stats_direct,passing_ratio,489,1.0,488,0.9979550102249489,0.6179245283018868
player_season_stats_direct,penalties_conceded_90,489,1.0,489,1.0,0.20988533
player_season_stats_direct,penalties_faced_90,489,1.0,489,1.0,0.20988533
player_season_stats_direct,penalty_conversion_ratio,489,1.0,41,0.08384458077709611,
player_season_stats_direct,penalty_wins_90,489,1.0,489,1.0,0.0
player_season_stats_direct,positive_outcome_90,489,1.0,465,0.950920245398773,1.5391592
player_season_stats_direct,positive_outcome_score,489,1.0,465,0.950920245398773,0.16897084
player_season_stats_direct,pressure_regains_90,489,1.0,489,1.0,0.0
player_season_stats_direct,pressured_change_in_pass_length,489,1.0,479,0.9795501022494888,-7.028557
player_season_stats_direct,pressured_long_balls_90,489,1.0,489,1.0,2.1688151
player_season_stats_direct,pressured_pass_length_ratio,489,1.0,471,0.9631901840490797,0.7438875
player_season_stats_direct,pressured_passing_ratio,489,1.0,479,0.9795501022494888,0.6101694915254238
player_season_stats_direct,pressures_90,489,1.0,489,1.0,0.13992356
player_season_stats_direct,ps_pass_length,489,1.0,471,0.9631901840490797,29.713890075683594
player_season_stats_direct,red_cards_90,489,1.0,489,1.0,0.06996178
player_season_stats_direct,s_pass_length,489,1.0,485,0.9918200408997955,36.55583924737596
player_season_stats_direct,save_ratio,489,1.0,489,1.0,0.627906976744186
player_season_stats_direct,second_yellow_cards_90,489,1.0,489,1.0,0.06996178
player_season_stats_direct,shot_on_target_ratio,489,1.0,384,0.7852760736196319,
player_season_stats_direct,shot_touch_ratio,489,1.0,489,1.0,0.0
player_season_stats_direct,shots_faced_90,489,1.0,489,1.0,10.63419
player_season_stats_direct,shots_key_passes_90,489,1.0,489,1.0,0.06996178
player_season_stats_direct,sideways_pass_proportion,489,1.0,488,0.9979550102249489,0.42452830188679247
player_season_stats_direct,sp_assists_90,489,1.0,489,1.0,0.0
player_season_stats_direct,sp_key_passes_90,489,1.0,489,1.0,0.06996178
player_season_stats_direct,sp_passes_into_box_90,489,1.0,489,1.0,0.20988533
player_season_stats_direct,sp_xa_90,489,1.0,489,1.0,0.0019134459
player_season_stats_direct,starting_appearances,489,1.0,489,1.0,13
player_season_stats_direct,tackles_90,489,1.0,489,1.0,0.0
player_season_stats_direct,tackles_and_interceptions_90,489,1.0,489,1.0,0.0
player_season_stats_direct,through_balls_90,489,1.0,489,1.0,0.0
player_season_stats_direct,total_dribbles_90,489,1.0,489,1.0,0.13992356
player_season_stats_direct,touches_inside_box_90,489,1.0,489,1.0,0.0
player_season_stats_direct,turnovers_90,489,1.0,489,1.0,0.0
player_season_stats_direct,unpressured_long_balls_90,489,1.0,489,1.0,16.371056
player_season_stats_direct,xa_90,489,1.0,489,1.0,0.0019134459
player_season_stats_direct,xgbuildup,489,1.0,489,1.0,1.4091932
player_season_stats_direct,xgbuildup_90,489,1.0,489,1.0,0.09858965
player_season_stats_direct,xgbuildup_per_possession,489,1.0,489,1.0,0.0033235687
player_season_stats_direct,xgchain,489,1.0,489,1.0,1.436543
player_season_stats_direct,xgchain_90,489,1.0,489,1.0,0.100503094
player_season_stats_direct,xgchain_per_possession,489,1.0,489,1.0,0.003388073
player_season_stats_direct,xs_ratio,489,1.0,489,1.0,0.6686047176982082
player_season_stats_direct,yellow_cards_90,489,1.0,489,1.0,0.20988533
team_season_stats_direct,aggression,16,1.0,16,1.0,0.18803504884681238
team_season_stats_direct,aggressive_actions_pg,16,1.0,16,1.0,84.86363636363636
team_season_stats_direct,ball_in_play_time,16,1.0,16,1.0,47.62902
team_season_stats_direct,box_cross_ratio,16,1.0,16,1.0,0.2535211267605634
team_season_stats_direct,completed_dribbles_conceded_pg,16,1.0,16,1.0,5.545454545454546
team_season_stats_direct,completed_dribbles_pg,16,1.0,16,1.0,5.136363636363637
team_season_stats_direct,corner_goal_ratio,16,1.0,16,1.0,0.0147059
team_season_stats_direct,corner_goal_ratio_conceded,16,1.0,16,1.0,0.05
team_season_stats_direct,corner_shot_ratio,16,1.0,16,1.0,0.2941176
team_season_stats_direct,corner_shot_ratio_conceded,16,1.0,16,1.0,0.475
team_season_stats_direct,corner_xg_conceded_pg,16,1.0,16,1.0,0.2495281
team_season_stats_direct,corner_xg_pg,16,1.0,16,1.0,0.0905934
team_season_stats_direct,corners_conceded_pg,16,1.0,16,1.0,3.6363636
team_season_stats_direct,corners_pg,16,1.0,16,1.0,3.0909091
team_season_stats_direct,counter_attacking_shots_conceded_pg,16,1.0,16,1.0,1.0909090909090908
team_season_stats_direct,counter_attacking_shots_pg,16,1.0,16,1.0,0.8181818181818182
team_season_stats_direct,counterpressure_regains_pg,16,1.0,16,1.0,10.545454545454545
team_season_stats_direct,counterpressures_pg,16,1.0,16,1.0,33.77272727272727
team_season_stats_direct,crosses_into_box_pg,16,1.0,16,1.0,6.545454545454546
team_season_stats_direct,deep_completions_conceded_pg,16,1.0,16,1.0,3.4545454545454546
team_season_stats_direct,deep_completions_pg,16,1.0,16,1.0,2.909090909090909
team_season_stats_direct,deep_progressions_conceded_pg,16,1.0,16,1.0,38.81818181818182
team_season_stats_direct,deep_progressions_pg,16,1.0,16,1.0,30.227272727272727
team_season_stats_direct,defensive_action_regains_pg,16,1.0,16,1.0,63.90909090909091
team_season_stats_direct,defensive_distance,16,1.0,16,1.0,46.08364895117762
team_season_stats_direct,defensive_distance_ppda,16,1.0,16,1.0,4.314390135411238
team_season_stats_direct,direct_free_kick_goal_ratio,16,1.0,16,1.0,0.0
team_season_stats_direct,direct_free_kick_goal_ratio_conceded,16,1.0,16,1.0,0.0
team_season_stats_direct,direct_free_kick_goals_conceded_pg,16,1.0,16,1.0,0.0
team_season_stats_direct,direct_free_kick_goals_pg,16,1.0,16,1.0,0.0
team_season_stats_direct,direct_free_kick_shot_ratio,16,1.0,16,1.0,0.3333333
team_season_stats_direct,direct_free_kick_shot_ratio_conceded,16,1.0,16,1.0,0.0833333
team_season_stats_direct,direct_free_kick_xg_conceded_pg,16,1.0,16,1.0,0.0188145
team_season_stats_direct,direct_free_kick_xg_pg,16,1.0,16,1.0,0.0094242
team_season_stats_direct,direct_free_kicks_conceded_pg,16,1.0,16,1.0,0.5454545
team_season_stats_direct,direct_free_kicks_pg,16,1.0,16,1.0,0.2727273
team_season_stats_direct,directness,16,1.0,16,1.0,0.8909479809157278
team_season_stats_direct,dribble_ratio,16,1.0,16,1.0,0.57360405
team_season_stats_direct,failed_dribbles_conceded_pg,16,1.0,16,1.0,2.0454545454545454
team_season_stats_direct,failed_dribbles_pg,16,1.0,16,1.0,3.8181818181818183
team_season_stats_direct,fhalf_counterpressures_pg,16,1.0,16,1.0,23.681818181818183
team_season_stats_direct,fhalf_counterpressures_ratio,16,1.0,16,1.0,0.7012113055181696
team_season_stats_direct,fhalf_pressures_pg,16,1.0,16,1.0,64.54545454545455
team_season_stats_direct,fhalf_pressures_ratio,16,1.0,16,1.0,0.4639006860503104
team_season_stats_direct,free_kick_goal_ratio,16,1.0,16,1.0,0.0082645
team_season_stats_direct,free_kick_goal_ratio_conceded,16,1.0,16,1.0,0.0116279
team_season_stats_direct,free_kick_shot_ratio,16,1.0,16,1.0,0.0909091
team_season_stats_direct,free_kick_shot_ratio_conceded,16,1.0,16,1.0,0.0668605
team_season_stats_direct,free_kick_xg_conceded_pg,16,1.0,16,1.0,0.1122984
team_season_stats_direct,free_kick_xg_pg,16,1.0,16,1.0,0.1109693
team_season_stats_direct,free_kicks_conceded_pg,16,1.0,16,1.0,15.6363636
team_season_stats_direct,free_kicks_pg,16,1.0,16,1.0,16.5
team_season_stats_direct,gd,16,1.0,16,1.0,-10.0
team_season_stats_direct,gd_pg,16,1.0,16,1.0,-0.45454545454545453
team_season_stats_direct,gk_long_pass_ratio,16,1.0,16,1.0,0.41363636363636364
team_season_stats_direct,gk_pass_distance,16,1.0,16,1.0,44.66246402138158
team_season_stats_direct,goals_conceded_pg,16,1.0,16,1.0,1.4545454545454546
team_season_stats_direct,goals_from_corners_conceded_pg,16,1.0,16,1.0,0.1818182
team_season_stats_direct,goals_from_corners_pg,16,1.0,16,1.0,0.0454545
team_season_stats_direct,goals_from_free_kicks_conceded_pg,16,1.0,16,1.0,0.1818182
team_season_stats_direct,goals_from_free_kicks_pg,16,1.0,16,1.0,0.1363636
team_season_stats_direct,goals_from_indirect_free_kicks_conceded_pg,16,1.0,16,1.0,0.1363636
team_season_stats_direct,goals_from_indirect_free_kicks_pg,16,1.0,16,1.0,0.1363636
team_season_stats_direct,goals_from_throw_ins_conceded_pg,16,1.0,16,1.0,0.0454545
team_season_stats_direct,goals_from_throw_ins_pg,16,1.0,16,1.0,0.0
team_season_stats_direct,goals_pg,16,1.0,16,1.0,1.0
team_season_stats_direct,high_press_shots_conceded_pg,16,1.0,16,1.0,2.590909090909091
team_season_stats_direct,high_press_shots_pg,16,1.0,16,1.0,2.1363636363636362
team_season_stats_direct,indirect_free_kick_goal_ratio,16,1.0,16,1.0,0.0084034
team_season_stats_direct,indirect_free_kick_goal_ratio_conceded,16,1.0,16,1.0,0.0090361
team_season_stats_direct,indirect_free_kick_shot_ratio,16,1.0,16,1.0,0.0868347
team_season_stats_direct,indirect_free_kick_shot_ratio_conceded,16,1.0,16,1.0,0.0662651
team_season_stats_direct,indirect_free_kick_xg_conceded_pg,16,1.0,16,1.0,0.1095456
team_season_stats_direct,indirect_free_kick_xg_pg,16,1.0,16,1.0,0.105574
team_season_stats_direct,indirect_free_kicks_conceded_pg,16,1.0,16,1.0,15.0909091
team_season_stats_direct,indirect_free_kicks_pg,16,1.0,16,1.0,16.2272727
team_season_stats_direct,matches,16,1.0,16,1.0,22.0
team_season_stats_direct,np_gd_pg,16,1.0,16,1.0,-0.3181818181818182
team_season_stats_direct,np_shot_distance,16,1.0,16,1.0,17.72893501508354
team_season_stats_direct,np_shot_distance_conceded,16,1.0,16,1.0,17.23697220026751
team_season_stats_direct,np_shots_conceded_pg,16,1.0,16,1.0,11.681818181818182
team_season_stats_direct,np_shots_pg,16,1.0,16,1.0,9.181818181818182
team_season_stats_direct,np_xg_conceded_pg,16,1.0,16,1.0,1.0919670503247867
team_season_stats_direct,np_xg_per_shot,16,1.0,16,1.0,0.074912958806104
team_season_stats_direct,np_xg_per_shot_conceded,16,1.0,16,1.0,0.09347577224909563
team_season_stats_direct,np_xg_pg,16,1.0,16,1.0,0.6878372024406086
team_season_stats_direct,np_xgd_pg,16,1.0,16,1.0,-0.4041298438202251
team_season_stats_direct,obv_conceded_pg,16,1.0,16,1.0,1.3879212789576163
team_season_stats_direct,obv_defensive_action_conceded_pg,16,1.0,16,1.0,0.1570807401175526
team_season_stats_direct,obv_defensive_action_pg,16,1.0,16,1.0,-0.011255374940281565
team_season_stats_direct,obv_dribble_carry_conceded_pg,16,1.0,16,1.0,0.8082859990271655
team_season_stats_direct,obv_dribble_carry_pg,16,1.0,16,1.0,0.5394294871525331
team_season_stats_direct,obv_gk_conceded_pg,16,1.0,16,1.0,-0.07232175123962489
team_season_stats_direct,obv_gk_pg,16,1.0,16,1.0,-0.11198039691556584
team_season_stats_direct,obv_pass_conceded_pg,16,1.0,16,1.0,0.734844179993326
team_season_stats_direct,obv_pass_pg,16,1.0,16,1.0,0.46528359163891186
team_season_stats_direct,obv_pg,16,1.0,16,1.0,0.8153334723954851
team_season_stats_direct,obv_shot_conceded_pg,16,1.0,16,1.0,-0.24017800458452918
team_season_stats_direct,obv_shot_pg,16,1.0,16,1.0,-0.06614395163275978
team_season_stats_direct,op_passes_conceded_pg,16,1.0,16,1.0,405.59090909090907
team_season_stats_direct,op_passes_pg,16,1.0,16,1.0,296.77272727272725
team_season_stats_direct,op_shot_distance,16,1.0,16,1.0,18.609701643318967
team_season_stats_direct,op_shot_distance_conceded,16,1.0,16,1.0,18.21597225108045
team_season_stats_direct,op_shots_conceded_outside_box_pg,16,1.0,16,1.0,3.7272727272727275
team_season_stats_direct,op_shots_conceded_pg,16,1.0,16,1.0,8.545454545454545
team_season_stats_direct,op_shots_outside_box_pg,16,1.0,16,1.0,3.1818181818181817
team_season_stats_direct,op_shots_pg,16,1.0,16,1.0,6.590909090909091
team_season_stats_direct,op_xg_conceded_pg,16,1.0,16,1.0,0.7398426234722137
team_season_stats_direct,op_xg_pg,16,1.0,16,1.0,0.47201326362450013
team_season_stats_direct,opp_final_third_pass_ratio,16,1.0,16,1.0,0.6122574684323991
team_season_stats_direct,opp_passing_ratio,16,1.0,16,1.0,0.7574780944707423
team_season_stats_direct,opposition_dribble_ratio,16,1.0,16,1.0,0.7305389
team_season_stats_direct,opposition_own_goals_pg,16,1.0,16,1.0,0.045454545454545456
team_season_stats_direct,own_goals_pg,16,1.0,16,1.0,0.0
team_season_stats_direct,pace_towards_goal,16,1.0,16,1.0,3.6330892784231277
team_season_stats_direct,passes_conceded_pg,16,1.0,16,1.0,451.3181818181818
team_season_stats_direct,passes_inside_box_conceded_pg,16,1.0,16,1.0,2.0454545454545454
team_season_stats_direct,passes_inside_box_pg,16,1.0,16,1.0,1.4545454545454546
team_season_stats_direct,passes_pg,16,1.0,16,1.0,346.77272727272725
team_season_stats_direct,passing_ratio,16,1.0,16,1.0,0.6869838773102634
team_season_stats_direct,penalties_conceded_pg,16,1.0,16,1.0,0.36363636363636365
team_season_stats_direct,penalties_won_pg,16,1.0,16,1.0,0.09090909090909091
team_season_stats_direct,penalty_goals_conceded_pg,16,1.0,16,1.0,0.2727272727272727
team_season_stats_direct,penalty_goals_pg,16,1.0,16,1.0,0.09090909090909091
team_season_stats_direct,possession,16,1.0,16,1.0,0.43867230702070664
team_season_stats_direct,possessions,16,1.0,16,1.0,225.04545454545453
team_season_stats_direct,ppda,16,1.0,16,1.0,10.681381957773512
team_season_stats_direct,pressure_regains_pg,16,1.0,16,1.0,41.95454545454545
team_season_stats_direct,pressures_pg,16,1.0,16,1.0,139.13636363636363
team_season_stats_direct,red_cards_pg,16,1.0,16,1.0,0.18181818181818182
team_season_stats_direct,second_yellow_cards_pg,16,1.0,16,1.0,0.18181818181818182
team_season_stats_direct,shots_from_corners_conceded_pg,16,1.0,16,1.0,1.7272727
team_season_stats_direct,shots_from_corners_pg,16,1.0,16,1.0,0.9090909
team_season_stats_direct,shots_from_direct_free_kicks_conceded_pg,16,1.0,16,1.0,0.0454545
team_season_stats_direct,shots_from_direct_free_kicks_pg,16,1.0,16,1.0,0.0909091
team_season_stats_direct,shots_from_free_kicks_conceded_pg,16,1.0,16,1.0,1.0454545
team_season_stats_direct,shots_from_free_kicks_pg,16,1.0,16,1.0,1.5
team_season_stats_direct,shots_from_indirect_free_kicks_conceded_pg,16,1.0,16,1.0,1.0
team_season_stats_direct,shots_from_indirect_free_kicks_pg,16,1.0,16,1.0,1.4090909
team_season_stats_direct,shots_from_throw_ins_conceded_pg,16,1.0,16,1.0,0.1818182
team_season_stats_direct,shots_from_throw_ins_pg,16,1.0,16,1.0,0.1818182
team_season_stats_direct,shots_in_clear_conceded_pg,16,1.0,16,1.0,2.590909090909091
team_season_stats_direct,shots_in_clear_pg,16,1.0,16,1.0,1.8636363636363635
team_season_stats_direct,sp_goal_ratio,16,1.0,16,1.0,0.004603
team_season_stats_direct,sp_goal_ratio_conceded,16,1.0,16,1.0,0.0106635
team_season_stats_direct,sp_goals_pg,16,1.0,16,1.0,0.1818182
team_season_stats_direct,sp_goals_pg_conceded,16,1.0,16,1.0,0.4090909
team_season_stats_direct,sp_pg,16,1.0,16,1.0,39.5
team_season_stats_direct,sp_pg_conceded,16,1.0,16,1.0,38.3636364
team_season_stats_direct,sp_shot_distance,16,1.0,16,1.0,15.488388329221491
team_season_stats_direct,sp_shot_distance_conceded,16,1.0,16,1.0,14.569558848505435
team_season_stats_direct,sp_shot_ratio,16,1.0,16,1.0,0.0655926
team_season_stats_direct,sp_shot_ratio_conceded,16,1.0,16,1.0,0.0770142
team_season_stats_direct,sp_shots_conceded_pg,16,1.0,16,1.0,2.9545455
team_season_stats_direct,sp_shots_pg,16,1.0,16,1.0,2.5909091
team_season_stats_direct,sp_xg_conceded_pg,16,1.0,16,1.0,0.3754208
team_season_stats_direct,sp_xg_pg,16,1.0,16,1.0,0.2112648
team_season_stats_direct,successful_box_cross_ratio,16,1.0,16,1.0,0.22285714285714286
team_season_stats_direct,successful_crosses_into_box_pg,16,1.0,16,1.0,1.7727272727272727
team_season_stats_direct,successful_passes_conceded_pg,16,1.0,16,1.0,341.8636363636364
team_season_stats_direct,successful_passes_pg,16,1.0,16,1.0,238.22727272727272
team_season_stats_direct,throw_in_goal_ratio,16,1.0,16,1.0,0.0
team_season_stats_direct,throw_in_goal_ratio_conceded,16,1.0,16,1.0,0.002381
team_season_stats_direct,throw_in_shot_ratio,16,1.0,16,1.0,0.0091324
team_season_stats_direct,throw_in_shot_ratio_conceded,16,1.0,16,1.0,0.0095238
team_season_stats_direct,throw_in_xg_conceded_pg,16,1.0,16,1.0,0.0135943
team_season_stats_direct,throw_in_xg_pg,16,1.0,16,1.0,0.009702
team_season_stats_direct,throw_ins_conceded_pg,16,1.0,16,1.0,19.0909091
team_season_stats_direct,throw_ins_pg,16,1.0,16,1.0,19.9090909
team_season_stats_direct,total_dribbles_conceded_pg,16,1.0,16,1.0,7.590909090909091
team_season_stats_direct,total_dribbles_pg,16,1.0,16,1.0,8.954545454545455
team_season_stats_direct,xg_per_corner,16,1.0,16,1.0,0.0293096
team_season_stats_direct,xg_per_corner_conceded,16,1.0,16,1.0,0.0686202
team_season_stats_direct,xg_per_direct_free_kick,16,1.0,16,1.0,0.0345555
team_season_stats_direct,xg_per_direct_free_kick_conceded,16,1.0,16,1.0,0.0344932
team_season_stats_direct,xg_per_free_kick,16,1.0,16,1.0,0.0067254
team_season_stats_direct,xg_per_free_kick_conceded,16,1.0,16,1.0,0.0071819
team_season_stats_direct,xg_per_indirect_free_kick,16,1.0,16,1.0,0.006506
team_season_stats_direct,xg_per_indirect_free_kick_conceded,16,1.0,16,1.0,0.007259
team_season_stats_direct,xg_per_sp,16,1.0,16,1.0,0.0053485
team_season_stats_direct,xg_per_sp_conceded,16,1.0,16,1.0,0.0097858
team_season_stats_direct,xg_per_throw_in,16,1.0,16,1.0,0.0004873
team_season_stats_direct,xg_per_throw_in_conceded,16,1.0,16,1.0,0.0007121
team_season_stats_direct,xgd,16,1.0,16,1.0,-13.591858
team_season_stats_direct,xgd_pg,16,1.0,16,1.0,-0.6178116757761348
team_season_stats_direct,yellow_cards_pg,16,1.0,16,1.0,3.5
