role_family,metric,normalization_method,normalized_skewness,normalized_kurtosis,normalized_outlier_pct,normalization_quality_score,experiment_008_status
GK,average_x_defensive_action,z_score,0.1274949254743433,-1.4246487192781534,0.0,0.8398192851134201,not_recalibrated_full_population_unavailable
GK,average_x_defensive_action,robust_z_score,0.1274949254743428,-1.424648719278156,0.0,0.8398192851134209,not_recalibrated_full_population_unavailable
GK,average_x_defensive_action,percentile_rank,2.68601390069819e-16,-1.2000000000000006,0.0,0.6000000000000005,not_recalibrated_full_population_unavailable
GK,average_x_defensive_action,min_max,0.1274949254743425,-1.424648719278156,0.0,0.8398192851134205,not_recalibrated_full_population_unavailable
GK,average_x_defensive_action,log_transform,-0.1415150762339204,-1.5806741037426892,0.0,0.9318521281052652,not_recalibrated_full_population_unavailable
GK,average_x_defensive_action,quantile_transform,5.4936470947460116e-11,3.677265602302522,16.666666666666664,2.671966134539531,not_recalibrated_full_population_unavailable
GK,average_x_defensive_action,winsorized_z_score,-0.0277606053692094,-1.8317375705955048,0.0,0.9436293906669616,not_recalibrated_full_population_unavailable
GK,goals_faced_90,z_score,-0.175849527087594,-1.1517965234137253,0.0,0.7517477887944567,not_recalibrated_full_population_unavailable
GK,goals_faced_90,robust_z_score,-0.1758495270875945,-1.1517965234137253,0.0,0.7517477887944571,not_recalibrated_full_population_unavailable
GK,goals_faced_90,percentile_rank,3.3487965515198213e-16,-1.2000000000000002,0.0,0.6000000000000004,not_recalibrated_full_population_unavailable
GK,goals_faced_90,min_max,-0.1758495270875957,-1.1517965234137253,0.0,0.7517477887944584,not_recalibrated_full_population_unavailable
GK,goals_faced_90,log_transform,-0.4524447863925681,-0.9575834923648164,0.0,0.9312365325749764,not_recalibrated_full_population_unavailable
GK,goals_faced_90,quantile_transform,5.4936412887732194e-11,3.677265602302522,16.666666666666664,2.671966134539531,not_recalibrated_full_population_unavailable
GK,goals_faced_90,winsorized_z_score,-0.2073105125261132,-1.2341418874751469,0.0,0.8243814562636866,not_recalibrated_full_population_unavailable
GK,obv_pass_90,z_score,0.8360852182306613,2.335786597443403,16.666666666666664,2.837311850285696,not_recalibrated_full_population_unavailable
GK,obv_pass_90,robust_z_score,0.8360852182306611,2.335786597443402,16.666666666666664,2.837311850285695,not_recalibrated_full_population_unavailable
GK,obv_pass_90,percentile_rank,3.453446443754816e-16,-1.1999999999999995,0.0,0.6000000000000002,not_recalibrated_full_population_unavailable
GK,obv_pass_90,min_max,0.8360852182306618,2.335786597443403,16.666666666666664,2.8373118502856967,not_recalibrated_full_population_unavailable
GK,obv_pass_90,log_transform,0.7106026201062844,2.2089319316271245,16.666666666666664,2.64840191925318,not_recalibrated_full_population_unavailable
GK,obv_pass_90,quantile_transform,5.493640037892902e-11,3.677265602302522,16.666666666666664,2.671966134539531,not_recalibrated_full_population_unavailable
GK,obv_pass_90,winsorized_z_score,0.9042165386433744,0.3566835927995875,0.0,1.082558335043168,not_recalibrated_full_population_unavailable
GK,p_pass_length,z_score,0.3455295703332512,-0.7554352260537263,0.0,0.7232471833601144,not_recalibrated_full_population_unavailable
GK,p_pass_length,robust_z_score,0.3455295703332512,-0.7554352260537249,0.0,0.7232471833601137,not_recalibrated_full_population_unavailable
GK,p_pass_length,percentile_rank,2.790663792933185e-16,-1.2000000000000002,0.0,0.6000000000000004,not_recalibrated_full_population_unavailable
GK,p_pass_length,min_max,0.3455295703332513,-0.7554352260537249,0.0,0.7232471833601137,not_recalibrated_full_population_unavailable
GK,p_pass_length,log_transform,-1.3480638287405509,2.380834580146208,8.333333333333332,2.9551477854803214,not_recalibrated_full_population_unavailable
GK,p_pass_length,quantile_transform,5.4936412887732194e-11,3.677265602302522,16.666666666666664,2.671966134539531,not_recalibrated_full_population_unavailable
GK,p_pass_length,winsorized_z_score,0.4531624060158014,-0.897411785109,0.0,0.9018682985703016,not_recalibrated_full_population_unavailable
GK,pass_length,z_score,0.3151617316282662,0.5101772911501232,0.0,0.5702503772033278,not_recalibrated_full_population_unavailable
GK,pass_length,robust_z_score,0.315161731628266,0.5101772911501241,0.0,0.570250377203328,not_recalibrated_full_population_unavailable
GK,pass_length,percentile_rank,2.511597413639866e-16,-1.2000000000000002,0.0,0.6000000000000003,not_recalibrated_full_population_unavailable
GK,pass_length,min_max,0.3151617316282664,0.5101772911501232,0.0,0.570250377203328,not_recalibrated_full_population_unavailable
GK,pass_length,log_transform,-1.511882020174817,1.624703506934024,16.666666666666664,3.1575671069751623,not_recalibrated_full_population_unavailable
GK,pass_length,quantile_transform,5.493642044021713e-11,3.677265602302522,16.666666666666664,2.671966134539531,not_recalibrated_full_population_unavailable
GK,pass_length,winsorized_z_score,-0.1994600806710798,-0.3829346460895642,0.0,0.3909274037158619,not_recalibrated_full_population_unavailable
CB,aerial_ratio,z_score,-0.691953850654937,0.9603072574206326,4.0,1.3721074793652532,not_recalibrated_full_population_unavailable
CB,aerial_ratio,robust_z_score,-0.6919538506549371,0.9603072574206352,4.0,1.3721074793652546,not_recalibrated_full_population_unavailable
CB,aerial_ratio,percentile_rank,-1.9707567415786182e-16,-1.2000000000000002,0.0,0.6000000000000003,not_recalibrated_full_population_unavailable
CB,aerial_ratio,min_max,-0.6919538506549362,0.9603072574206308,4.0,1.3721074793652517,not_recalibrated_full_population_unavailable
CB,aerial_ratio,log_transform,-0.9503866073796556,1.687183341085813,4.0,1.993978277922562,not_recalibrated_full_population_unavailable
CB,aerial_ratio,quantile_transform,6.190115458518199e-11,5.487249497425395,8.0,3.1436247487745987,not_recalibrated_full_population_unavailable
CB,aerial_ratio,winsorized_z_score,-0.078380930776433,-0.9359839925856002,0.0,0.5463729270692331,not_recalibrated_full_population_unavailable
CB,ball_recoveries_90,z_score,-0.1474840822601251,-0.5572875113292088,0.0,0.4261278379247295,not_recalibrated_full_population_unavailable
CB,ball_recoveries_90,robust_z_score,-0.147484082260125,-0.5572875113292102,0.0,0.4261278379247301,not_recalibrated_full_population_unavailable
CB,ball_recoveries_90,percentile_rank,-1.1085506671379725e-16,-1.2000000000000002,0.0,0.6000000000000002,not_recalibrated_full_population_unavailable
CB,ball_recoveries_90,min_max,-0.1474840822601245,-0.5572875113292093,0.0,0.4261278379247292,not_recalibrated_full_population_unavailable
CB,ball_recoveries_90,log_transform,-1.191897124092941,1.5288572198068016,4.0,2.1563257339963418,not_recalibrated_full_population_unavailable
CB,ball_recoveries_90,quantile_transform,6.190222170836925e-11,5.487249497425395,8.0,3.1436247487746,not_recalibrated_full_population_unavailable
CB,ball_recoveries_90,winsorized_z_score,-0.1421319007343779,-0.9916678926258112,0.0,0.6379658470472834,not_recalibrated_full_population_unavailable
CB,blocks_per_shot,z_score,-0.1785985367860876,-0.666358633091328,0.0,0.5117778533317516,not_recalibrated_full_population_unavailable
CB,blocks_per_shot,robust_z_score,-0.1785985367860877,-0.6663586330913298,0.0,0.5117778533317526,not_recalibrated_full_population_unavailable
CB,blocks_per_shot,percentile_rank,-2.863755890106429e-16,-1.2000000000000002,0.0,0.6000000000000004,not_recalibrated_full_population_unavailable
CB,blocks_per_shot,min_max,-0.1785985367860864,-0.6663586330913294,0.0,0.5117778533317512,not_recalibrated_full_population_unavailable
CB,blocks_per_shot,log_transform,-0.2139621092759445,-0.6263535700611635,0.0,0.5271388943065263,not_recalibrated_full_population_unavailable
CB,blocks_per_shot,quantile_transform,6.190134770443273e-11,5.487249497425395,8.0,3.1436247487745987,not_recalibrated_full_population_unavailable
CB,blocks_per_shot,winsorized_z_score,0.0386679002499256,-1.1533244349367102,0.0,0.6153301177182807,not_recalibrated_full_population_unavailable
CB,clearance_90,z_score,0.4274878928270706,-0.6194163105661548,0.0,0.737196048110148,not_recalibrated_full_population_unavailable
CB,clearance_90,robust_z_score,0.4274878928270707,-0.6194163105661539,0.0,0.7371960481101476,not_recalibrated_full_population_unavailable
CB,clearance_90,percentile_rank,-1.7552052229684566e-16,-1.2000000000000006,0.0,0.6000000000000005,not_recalibrated_full_population_unavailable
CB,clearance_90,min_max,0.4274878928270704,-0.6194163105661548,0.0,0.7371960481101478,not_recalibrated_full_population_unavailable
CB,clearance_90,log_transform,-0.2469790046348988,-1.1160284794419244,0.0,0.804993244355861,not_recalibrated_full_population_unavailable
CB,clearance_90,quantile_transform,6.190036965961989e-11,5.487249497425362,8.0,3.143624748774581,not_recalibrated_full_population_unavailable
CB,clearance_90,winsorized_z_score,0.2311202309460733,-1.127660901702419,0.0,0.7949506817972829,not_recalibrated_full_population_unavailable
CB,interceptions_90,z_score,0.9670335115091484,0.7855137269087304,0.0,1.3597903749635136,not_recalibrated_full_population_unavailable
CB,interceptions_90,robust_z_score,0.9670335115091488,0.7855137269087331,0.0,1.3597903749635154,not_recalibrated_full_population_unavailable
CB,interceptions_90,percentile_rank,-1.946218510665408e-16,-1.2000000000000006,0.0,0.6000000000000005,not_recalibrated_full_population_unavailable
CB,interceptions_90,min_max,0.9670335115091484,0.7855137269087313,0.0,1.359790374963514,not_recalibrated_full_population_unavailable
CB,interceptions_90,log_transform,0.4592582719342175,-0.214280844737789,0.0,0.5663986943031121,not_recalibrated_full_population_unavailable
CB,interceptions_90,quantile_transform,6.190100089772619e-11,5.487249497425394,8.0,3.143624748774598,not_recalibrated_full_population_unavailable
CB,interceptions_90,winsorized_z_score,0.817386721178582,0.1826112909920674,0.0,0.9086923666746156,not_recalibrated_full_population_unavailable
CB,obv_defensive_action_90,z_score,0.1330694816705701,0.4718012414963795,8.0,0.7689701024187598,not_recalibrated_full_population_unavailable
CB,obv_defensive_action_90,robust_z_score,0.1330694816705701,0.471801241496379,8.0,0.7689701024187596,not_recalibrated_full_population_unavailable
CB,obv_defensive_action_90,percentile_rank,-1.9707567415786187e-16,-1.1999999999999993,0.0,0.5999999999999999,not_recalibrated_full_population_unavailable
CB,obv_defensive_action_90,min_max,0.1330694816705692,0.4718012414963777,8.0,0.7689701024187582,not_recalibrated_full_population_unavailable
CB,obv_defensive_action_90,log_transform,-0.0531993125644511,0.5238899704861173,8.0,0.7151442978075098,not_recalibrated_full_population_unavailable
CB,obv_defensive_action_90,quantile_transform,6.190021443123867e-11,5.487249497425401,8.0,3.1436247487746005,not_recalibrated_full_population_unavailable
CB,obv_defensive_action_90,winsorized_z_score,0.0890477259126047,-0.2111442074527687,0.0,0.1946198296389891,not_recalibrated_full_population_unavailable
CB,obv_pass_90,z_score,0.2838207193446202,0.9387179807492068,4.0,0.9531797097192236,not_recalibrated_full_population_unavailable
CB,obv_pass_90,robust_z_score,0.28382071934462,0.938717980749205,4.0,0.9531797097192224,not_recalibrated_full_population_unavailable
CB,obv_pass_90,percentile_rank,-1.724412148881291e-16,-1.2000000000000002,0.0,0.6000000000000003,not_recalibrated_full_population_unavailable
CB,obv_pass_90,min_max,0.2838207193446201,0.938717980749205,4.0,0.9531797097192224,not_recalibrated_full_population_unavailable
CB,obv_pass_90,log_transform,0.1728535654651914,0.8424023221853156,4.0,0.7940547265578493,not_recalibrated_full_population_unavailable
CB,obv_pass_90,quantile_transform,6.190114101594981e-11,5.48724949742539,8.0,3.143624748774596,not_recalibrated_full_population_unavailable
CB,obv_pass_90,winsorized_z_score,-0.2050913207703477,-0.2272480859145518,0.0,0.3187153637276236,not_recalibrated_full_population_unavailable
CB,op_f3_passes_90,z_score,0.7578370332074509,0.4078319296178114,4.0,1.1617529980163566,not_recalibrated_full_population_unavailable
CB,op_f3_passes_90,robust_z_score,0.7578370332074507,0.4078319296178105,4.0,1.161752998016356,not_recalibrated_full_population_unavailable
CB,op_f3_passes_90,percentile_rank,-1.2625160375738023e-16,-1.2000000000000006,0.0,0.6000000000000004,not_recalibrated_full_population_unavailable
CB,op_f3_passes_90,min_max,0.7578370332074502,0.4078319296178105,4.0,1.1617529980163557,not_recalibrated_full_population_unavailable
CB,op_f3_passes_90,log_transform,-0.3506405383896209,-0.3803185044099297,4.0,0.7407997905945858,not_recalibrated_full_population_unavailable
CB,op_f3_passes_90,quantile_transform,6.190111631570688e-11,5.487249497425394,8.0,3.143624748774598,not_recalibrated_full_population_unavailable
CB,op_f3_passes_90,winsorized_z_score,0.4406045298672548,-0.5846934952557445,0.0,0.7329512774951271,not_recalibrated_full_population_unavailable
CB,op_xgbuildup_90,z_score,0.0181992687987072,-0.5217202303066992,0.0,0.2790593839520569,not_recalibrated_full_population_unavailable
CB,op_xgbuildup_90,robust_z_score,0.0181992687987074,-0.5217202303066988,0.0,0.2790593839520568,not_recalibrated_full_population_unavailable
CB,op_xgbuildup_90,percentile_rank,1.0600515754506863e-15,-1.2000000000000006,0.0,0.6000000000000014,not_recalibrated_full_population_unavailable
CB,op_xgbuildup_90,min_max,0.0181992687987072,-0.5217202303067001,0.0,0.2790593839520573,not_recalibrated_full_population_unavailable
CB,op_xgbuildup_90,log_transform,-0.1548084180968784,-0.4607556806195583,0.0,0.3851862584066576,not_recalibrated_full_population_unavailable
CB,op_xgbuildup_90,quantile_transform,6.190136415106903e-11,5.487249497425392,8.0,3.143624748774597,not_recalibrated_full_population_unavailable
CB,op_xgbuildup_90,winsorized_z_score,0.0040845305215363,-1.002320297258036,0.0,0.5052446791505544,not_recalibrated_full_population_unavailable
FB,ball_recoveries_90,z_score,0.0441385912487193,-0.5847286360456767,0.0,0.3365029092715577,not_recalibrated_full_population_unavailable
FB,ball_recoveries_90,robust_z_score,0.0441385912487198,-0.5847286360456763,0.0,0.3365029092715579,not_recalibrated_full_population_unavailable
FB,ball_recoveries_90,percentile_rank,-1.1248881547924568e-15,-1.200000000000001,0.0,0.6000000000000016,not_recalibrated_full_population_unavailable
FB,ball_recoveries_90,min_max,0.0441385912487185,-0.5847286360456785,0.0,0.3365029092715578,not_recalibrated_full_population_unavailable
FB,ball_recoveries_90,log_transform,-0.8246229487205327,-0.1781231539144139,0.0,0.9136845256777396,not_recalibrated_full_population_unavailable
FB,ball_recoveries_90,quantile_transform,6.165691016522039e-11,5.3134215468059,8.695652173913043,3.0914933821602597,not_recalibrated_full_population_unavailable
FB,ball_recoveries_90,winsorized_z_score,-0.2638099528166265,-1.109517811498193,0.0,0.818568858565723,not_recalibrated_full_population_unavailable
FB,box_cross_ratio,z_score,0.2485564561108976,-0.4096089412867263,0.0,0.4533609267542607,not_recalibrated_full_population_unavailable
FB,box_cross_ratio,robust_z_score,0.2485564561108975,-0.4096089412867267,0.0,0.4533609267542609,not_recalibrated_full_population_unavailable
FB,box_cross_ratio,percentile_rank,1.2932845851506093e-15,-1.2000000000000006,0.0,0.6000000000000016,not_recalibrated_full_population_unavailable
FB,box_cross_ratio,min_max,0.2485564561108986,-0.4096089412867258,0.0,0.4533609267542615,not_recalibrated_full_population_unavailable
FB,box_cross_ratio,log_transform,-0.0660766165417618,-0.388520536890506,0.0,0.2603368849870148,not_recalibrated_full_population_unavailable
FB,box_cross_ratio,quantile_transform,6.165711822454936e-11,5.313421546805898,8.695652173913043,3.0914933821602584,not_recalibrated_full_population_unavailable
FB,box_cross_ratio,winsorized_z_score,0.1874093730570613,-0.9081904168734772,0.0,0.6415045814938001,not_recalibrated_full_population_unavailable
FB,counterpressures_90,z_score,-0.0276831827308493,-1.4471353062868668,0.0,0.7512508358742828,not_recalibrated_full_population_unavailable
FB,counterpressures_90,robust_z_score,-0.027683182730849,-1.4471353062868677,0.0,0.7512508358742829,not_recalibrated_full_population_unavailable
FB,counterpressures_90,percentile_rank,-1.1316240120067832e-15,-1.2000000000000002,0.0,0.6000000000000012,not_recalibrated_full_population_unavailable
FB,counterpressures_90,min_max,-0.0276831827308499,-1.4471353062868673,0.0,0.7512508358742837,not_recalibrated_full_population_unavailable
FB,counterpressures_90,log_transform,-0.3471081192374183,-1.4178999749977663,0.0,1.0560581067363015,not_recalibrated_full_population_unavailable
FB,counterpressures_90,quantile_transform,6.165704190372072e-11,5.313421546805902,8.695652173913043,3.09149338216026,not_recalibrated_full_population_unavailable
FB,counterpressures_90,winsorized_z_score,-0.1109937117873282,-1.6300929574916982,0.0,0.9260401905331774,not_recalibrated_full_population_unavailable
FB,dribble_ratio,z_score,0.2942671782908755,-0.4404791922482007,0.0,0.5145067744149759,not_recalibrated_full_population_unavailable
FB,dribble_ratio,robust_z_score,0.2942671782908755,-0.4404791922482007,0.0,0.5145067744149759,not_recalibrated_full_population_unavailable
FB,dribble_ratio,percentile_rank,-0.0014382542225805,-1.1974491697726035,0.0,0.6001628391088824,not_recalibrated_full_population_unavailable
FB,dribble_ratio,min_max,0.2942671782908759,-0.4404791922482012,0.0,0.5145067744149765,not_recalibrated_full_population_unavailable
FB,dribble_ratio,log_transform,0.0298886435948436,-0.5873876974175936,0.0,0.3235824923036404,not_recalibrated_full_population_unavailable
FB,dribble_ratio,quantile_transform,6.162882924359976e-05,5.31784655224083,8.695652173913043,3.093767513645311,not_recalibrated_full_population_unavailable
FB,dribble_ratio,winsorized_z_score,0.0816890788223136,-0.95246517038538,0.0,0.5579216640150036,not_recalibrated_full_population_unavailable
FB,key_passes_90,z_score,0.3823047179076457,-0.1495941836075509,0.0,0.4571018097114211,not_recalibrated_full_population_unavailable
FB,key_passes_90,robust_z_score,0.3823047179076452,-0.1495941836075522,0.0,0.4571018097114214,not_recalibrated_full_population_unavailable
FB,key_passes_90,percentile_rank,-1.1737231195963212e-15,-1.1999999999999995,0.0,0.6000000000000011,not_recalibrated_full_population_unavailable
FB,key_passes_90,min_max,0.3823047179076448,-0.1495941836075522,0.0,0.4571018097114209,not_recalibrated_full_population_unavailable
FB,key_passes_90,log_transform,-0.0467217776333037,-0.1093666201196477,0.0,0.1014050876931276,not_recalibrated_full_population_unavailable
FB,key_passes_90,quantile_transform,6.165704895245971e-11,5.313421546805902,8.695652173913043,3.09149338216026,not_recalibrated_full_population_unavailable
FB,key_passes_90,winsorized_z_score,0.6220133282357715,-0.37979994270751,0.0,0.8119132995895265,not_recalibrated_full_population_unavailable
FB,obv_dribble_carry_90,z_score,1.2709421364365832,1.5128473915126612,8.695652173913043,2.462148440888566,not_recalibrated_full_population_unavailable
FB,obv_dribble_carry_90,robust_z_score,1.2709421364365827,1.5128473915126597,8.695652173913043,2.4621484408885648,not_recalibrated_full_population_unavailable
FB,obv_dribble_carry_90,percentile_rank,4.707206467355224e-17,-1.200000000000001,0.0,0.6000000000000005,not_recalibrated_full_population_unavailable
FB,obv_dribble_carry_90,min_max,1.2709421364365834,1.5128473915126603,8.695652173913043,2.4621484408885657,not_recalibrated_full_population_unavailable
FB,obv_dribble_carry_90,log_transform,1.2216760046125317,1.3804483099574671,8.695652173913043,2.346682768286917,not_recalibrated_full_population_unavailable
FB,obv_dribble_carry_90,quantile_transform,6.165686006828317e-11,5.313421546805902,8.695652173913043,3.09149338216026,not_recalibrated_full_population_unavailable
FB,obv_dribble_carry_90,winsorized_z_score,1.034048489652417,0.5720750541979278,8.695652173913043,1.754868625447033,not_recalibrated_full_population_unavailable
FB,obv_pass_90,z_score,-0.2396672342697093,0.1998243317523016,0.0,0.3395794001458602,not_recalibrated_full_population_unavailable
FB,obv_pass_90,robust_z_score,-0.2396672342697094,0.1998243317523012,0.0,0.3395794001458601,not_recalibrated_full_population_unavailable
FB,obv_pass_90,percentile_rank,-1.1888787983285545e-15,-1.200000000000001,0.0,0.6000000000000018,not_recalibrated_full_population_unavailable
FB,obv_pass_90,min_max,-0.2396672342697106,0.1998243317523043,0.0,0.3395794001458628,not_recalibrated_full_population_unavailable
FB,obv_pass_90,log_transform,-0.3868297685237551,0.4535340650564863,0.0,0.6135968010519983,not_recalibrated_full_population_unavailable
FB,obv_pass_90,quantile_transform,6.165694601656505e-11,5.3134215468059,8.695652173913043,3.0914933821602597,not_recalibrated_full_population_unavailable
FB,obv_pass_90,winsorized_z_score,0.2935951086199486,-1.0718806305021702,0.0,0.8295354238710337,not_recalibrated_full_population_unavailable
FB,op_f3_passes_90,z_score,0.2360152382763444,-0.9570046631327068,0.0,0.7145175698426979,not_recalibrated_full_population_unavailable
FB,op_f3_passes_90,robust_z_score,0.2360152382763447,-0.957004663132706,0.0,0.7145175698426978,not_recalibrated_full_population_unavailable
FB,op_f3_passes_90,percentile_rank,-1.0642654398635222e-15,-1.1999999999999993,0.0,0.6000000000000008,not_recalibrated_full_population_unavailable
FB,op_f3_passes_90,min_max,0.2360152382763445,-0.9570046631327064,0.0,0.7145175698426978,not_recalibrated_full_population_unavailable
FB,op_f3_passes_90,log_transform,-0.8210520236956209,0.4368702876188775,4.3478260869565215,1.2568784718528858,not_recalibrated_full_population_unavailable
FB,op_f3_passes_90,quantile_transform,6.165690433178127e-11,5.313421546805898,8.695652173913043,3.0914933821602584,not_recalibrated_full_population_unavailable
FB,op_f3_passes_90,winsorized_z_score,0.1999868071466501,-1.2360450144495947,0.0,0.8180093143714475,not_recalibrated_full_population_unavailable
MID,ball_recoveries_90,z_score,0.3501464094792641,0.3704063512319417,0.0,0.535349585095235,not_recalibrated_full_population_unavailable
MID,ball_recoveries_90,robust_z_score,0.3501464094792638,0.3704063512319409,0.0,0.5353495850952343,not_recalibrated_full_population_unavailable
MID,ball_recoveries_90,percentile_rank,5.246207159035008e-16,-1.200000000000001,0.0,0.6000000000000011,not_recalibrated_full_population_unavailable
MID,ball_recoveries_90,min_max,0.3501464094792639,0.3704063512319409,0.0,0.5353495850952343,not_recalibrated_full_population_unavailable
MID,ball_recoveries_90,log_transform,-1.2882341388048273,2.634517834314242,5.88235294117647,2.8996107030207714,not_recalibrated_full_population_unavailable
MID,ball_recoveries_90,quantile_transform,6.135557641679744e-11,5.98449939897896,5.88235294117647,3.2863673466096586,not_recalibrated_full_population_unavailable
MID,ball_recoveries_90,winsorized_z_score,0.2468830403289443,-0.8286991360406959,0.0,0.6612326083492923,not_recalibrated_full_population_unavailable
MID,counterpressures_90,z_score,0.0890667493188173,0.0473820317662858,0.0,0.1127577652019602,not_recalibrated_full_population_unavailable
MID,counterpressures_90,robust_z_score,0.0890667493188173,0.0473820317662863,0.0,0.1127577652019605,not_recalibrated_full_population_unavailable
MID,counterpressures_90,percentile_rank,5.512963455257129e-16,-1.1999999999999995,0.0,0.6000000000000004,not_recalibrated_full_population_unavailable
MID,counterpressures_90,min_max,0.0890667493188176,0.0473820317662854,0.0,0.1127577652019603,not_recalibrated_full_population_unavailable
MID,counterpressures_90,log_transform,-1.0887785332046769,2.2393203860424244,2.941176470588235,2.355497549755301,not_recalibrated_full_population_unavailable
MID,counterpressures_90,quantile_transform,6.135647948646096e-11,5.98449939897897,5.88235294117647,3.286367346609665,not_recalibrated_full_population_unavailable
MID,counterpressures_90,winsorized_z_score,0.1821653854641864,-0.6567489362479231,0.0,0.5105398535881479,not_recalibrated_full_population_unavailable
MID,key_passes_90,z_score,1.561880860961281,2.7409359937318363,5.88235294117647,3.226466504886023,not_recalibrated_full_population_unavailable
MID,key_passes_90,robust_z_score,1.5618808609612802,2.7409359937318336,5.88235294117647,3.2264665048860204,not_recalibrated_full_population_unavailable
MID,key_passes_90,percentile_rank,5.757490060127403e-16,-1.2000000000000006,0.0,0.6000000000000009,not_recalibrated_full_population_unavailable
MID,key_passes_90,min_max,1.56188086096128,2.7409359937318336,5.88235294117647,3.2264665048860204,not_recalibrated_full_population_unavailable
MID,key_passes_90,log_transform,0.8749412865797025,0.3590953595877781,0.0,1.0544889663735917,not_recalibrated_full_population_unavailable
MID,key_passes_90,quantile_transform,6.135637900820221e-11,5.984499398978974,5.88235294117647,3.2863673466096666,not_recalibrated_full_population_unavailable
MID,key_passes_90,winsorized_z_score,0.7720538970373021,-0.3611298720470124,0.0,0.9526188330608084,not_recalibrated_full_population_unavailable
MID,obv_dribble_carry_90,z_score,1.1013565541276067,1.6756146014458282,2.941176470588235,2.0862226783799325,not_recalibrated_full_population_unavailable
MID,obv_dribble_carry_90,robust_z_score,1.101356554127606,1.6756146014458273,2.941176470588235,2.086222678379932,not_recalibrated_full_population_unavailable
MID,obv_dribble_carry_90,percentile_rank,5.646341603368186e-16,-1.2000000000000015,0.0,0.6000000000000013,not_recalibrated_full_population_unavailable
MID,obv_dribble_carry_90,min_max,1.101356554127606,1.6756146014458264,2.941176470588235,2.086222678379931,not_recalibrated_full_population_unavailable
MID,obv_dribble_carry_90,log_transform,1.0129556562750603,1.3925431576331069,2.941176470588235,1.8562860586210252,not_recalibrated_full_population_unavailable
MID,obv_dribble_carry_90,quantile_transform,6.13561116737126e-11,5.984499398978965,5.88235294117647,3.286367346609662,not_recalibrated_full_population_unavailable
MID,obv_dribble_carry_90,winsorized_z_score,0.508138051447393,-0.7460139692009551,0.0,0.8811450360478705,not_recalibrated_full_population_unavailable
MID,obv_pass_90,z_score,0.9091520040026312,0.5215866151621977,2.941176470588235,1.3170041351131416,not_recalibrated_full_population_unavailable
MID,obv_pass_90,robust_z_score,0.9091520040026306,0.5215866151621951,2.941176470588235,1.31700413511314,not_recalibrated_full_population_unavailable
MID,obv_pass_90,percentile_rank,5.428907434832972e-16,-1.2000000000000006,0.0,0.6000000000000009,not_recalibrated_full_population_unavailable
MID,obv_pass_90,min_max,0.90915200400263,0.5215866151621951,2.941176470588235,1.3170041351131392,not_recalibrated_full_population_unavailable
MID,obv_pass_90,log_transform,0.8220317658852038,0.324724805156531,2.941176470588235,1.131452991992881,not_recalibrated_full_population_unavailable
MID,obv_pass_90,quantile_transform,6.135047301491352e-11,5.98449939897888,5.88235294117647,3.2863673466096137,not_recalibrated_full_population_unavailable
MID,obv_pass_90,winsorized_z_score,0.6808190083528903,-0.6971583996297257,0.0,1.0293982081677533,not_recalibrated_full_population_unavailable
MID,op_f3_passes_90,z_score,0.6676610689936423,-0.5302095279660608,0.0,0.9327658329766728,not_recalibrated_full_population_unavailable
MID,op_f3_passes_90,robust_z_score,0.6676610689936421,-0.5302095279660608,0.0,0.9327658329766724,not_recalibrated_full_population_unavailable
MID,op_f3_passes_90,percentile_rank,-6.331293968146859e-16,-1.2000000000000006,0.0,0.600000000000001,not_recalibrated_full_population_unavailable
MID,op_f3_passes_90,min_max,0.6676610689936416,-0.5302095279660626,0.0,0.9327658329766728,not_recalibrated_full_population_unavailable
MID,op_f3_passes_90,log_transform,-0.3607929721785853,-0.6949990056397111,0.0,0.7082924749984408,not_recalibrated_full_population_unavailable
MID,op_f3_passes_90,quantile_transform,6.1355862256572e-11,5.98449939897897,5.88235294117647,3.2863673466096643,not_recalibrated_full_population_unavailable
MID,op_f3_passes_90,winsorized_z_score,0.4808306486435745,-1.0958042317713963,0.0,1.0287327645292728,not_recalibrated_full_population_unavailable
MID,op_passes_90,z_score,0.2540368957794308,-0.4933548300051109,0.0,0.5007143107819862,not_recalibrated_full_population_unavailable
MID,op_passes_90,robust_z_score,0.254036895779431,-0.4933548300051114,0.0,0.5007143107819867,not_recalibrated_full_population_unavailable
MID,op_passes_90,percentile_rank,5.023910245516575e-16,-1.200000000000001,0.0,0.6000000000000011,not_recalibrated_full_population_unavailable
MID,op_passes_90,min_max,0.25403689577943,-0.4933548300051114,0.0,0.5007143107819858,not_recalibrated_full_population_unavailable
MID,op_passes_90,log_transform,-1.6964093889990397,4.43385614344635,2.941176470588235,4.060396284251627,not_recalibrated_full_population_unavailable
MID,op_passes_90,quantile_transform,6.1356273473694e-11,5.9844993989789685,5.88235294117647,3.286367346609664,not_recalibrated_full_population_unavailable
MID,op_passes_90,winsorized_z_score,0.053597600283539,-1.1878244572089738,0.0,0.647509828888026,not_recalibrated_full_population_unavailable
MID,through_balls_90,z_score,1.167107367001934,1.2850422404067623,0.0,1.8096284872053152,not_recalibrated_full_population_unavailable
MID,through_balls_90,robust_z_score,1.167107367001934,1.2850422404067623,0.0,1.8096284872053152,not_recalibrated_full_population_unavailable
MID,through_balls_90,percentile_rank,0.2479177483733861,-1.486516028345671,0.0,0.9911757625462216,not_recalibrated_full_population_unavailable
MID,through_balls_90,min_max,1.167107367001934,1.2850422404067623,0.0,1.8096284872053152,not_recalibrated_full_population_unavailable
MID,through_balls_90,log_transform,0.9476154814809242,0.5089640728352047,0.0,1.2020975178985265,not_recalibrated_full_population_unavailable
MID,through_balls_90,quantile_transform,-0.0450902125561768,-1.386399171062631,0.0,0.7382897980874925,not_recalibrated_full_population_unavailable
MID,through_balls_90,winsorized_z_score,0.4580281358337342,-1.1775771241558122,0.0,1.0468166979116402,not_recalibrated_full_population_unavailable
WINGER,crossing_ratio,z_score,0.932752294824084,0.4044586271371599,4.0,1.334981608392664,not_recalibrated_full_population_unavailable
WINGER,crossing_ratio,robust_z_score,0.932752294824084,0.4044586271371604,4.0,1.3349816083926642,not_recalibrated_full_population_unavailable
WINGER,crossing_ratio,percentile_rank,0.0003412128055177,-1.2000186698700026,0.0,0.6003505477405191,not_recalibrated_full_population_unavailable
WINGER,crossing_ratio,min_max,0.9327522948240836,0.4044586271371595,4.0,1.334981608392663,not_recalibrated_full_population_unavailable
WINGER,crossing_ratio,log_transform,0.7448185322880859,-0.0811227898300295,0.0,0.7853799272031007,not_recalibrated_full_population_unavailable
WINGER,crossing_ratio,quantile_transform,-0.0081577591933076,5.4626929615240645,8.0,3.13950423995534,not_recalibrated_full_population_unavailable
WINGER,crossing_ratio,winsorized_z_score,0.5719451261898573,-0.9060213477856984,0.0,1.0249558000827066,not_recalibrated_full_population_unavailable
WINGER,dribble_ratio,z_score,0.0557680061081988,0.8962896372048297,4.0,0.7039128247106137,not_recalibrated_full_population_unavailable
WINGER,dribble_ratio,robust_z_score,0.0557680061081982,0.8962896372048297,4.0,0.7039128247106132,not_recalibrated_full_population_unavailable
WINGER,dribble_ratio,percentile_rank,0.0043986277856485,-1.1672084472419355,0.0,0.5880028514066163,not_recalibrated_full_population_unavailable
WINGER,dribble_ratio,min_max,0.0557680061081988,0.8962896372048297,4.0,0.7039128247106137,not_recalibrated_full_population_unavailable
WINGER,dribble_ratio,log_transform,-0.4067317936943562,1.4379518785089402,4.0,1.3257077329488265,not_recalibrated_full_population_unavailable
WINGER,dribble_ratio,quantile_transform,-0.0001619521411149,5.517800126754615,8.0,3.1590620155184226,not_recalibrated_full_population_unavailable
WINGER,dribble_ratio,winsorized_z_score,0.490137981499979,-0.3272526770895094,0.0,0.6537643200447338,not_recalibrated_full_population_unavailable
WINGER,key_passes_90,z_score,1.4597282074147084,3.5332765171482574,4.0,3.426366465988837,not_recalibrated_full_population_unavailable
WINGER,key_passes_90,robust_z_score,1.4597282074147084,3.5332765171482565,4.0,3.4263664659888367,not_recalibrated_full_population_unavailable
WINGER,key_passes_90,percentile_rank,-1.8783775193171202e-16,-1.2000000000000002,0.0,0.6000000000000003,not_recalibrated_full_population_unavailable
WINGER,key_passes_90,min_max,1.4597282074147084,3.5332765171482547,4.0,3.426366465988836,not_recalibrated_full_population_unavailable
WINGER,key_passes_90,log_transform,0.4802868142528222,0.5011015254692088,0.0,0.7308375769874267,not_recalibrated_full_population_unavailable
WINGER,key_passes_90,quantile_transform,6.190095904285406e-11,5.487249497425395,8.0,3.1436247487745987,not_recalibrated_full_population_unavailable
WINGER,key_passes_90,winsorized_z_score,0.3271542938650078,-0.9723041333214728,0.0,0.8133063605257442,not_recalibrated_full_population_unavailable
WINGER,np_shots_90,z_score,-0.3502789966129268,-0.8386486909178203,0.0,0.769603342071837,not_recalibrated_full_population_unavailable
WINGER,np_shots_90,robust_z_score,-0.3502789966129277,-0.8386486909178195,0.0,0.7696033420718374,not_recalibrated_full_population_unavailable
WINGER,np_shots_90,percentile_rank,-1.6012398525326278e-16,-1.1999999999999993,0.0,0.5999999999999998,not_recalibrated_full_population_unavailable
WINGER,np_shots_90,min_max,-0.3502789966129277,-0.8386486909178186,0.0,0.769603342071837,not_recalibrated_full_population_unavailable
WINGER,np_shots_90,log_transform,-0.8126423569793771,-0.2052557528498715,4.0,1.115270233404313,not_recalibrated_full_population_unavailable
WINGER,np_shots_90,quantile_transform,6.190121273903414e-11,5.48724949742539,8.0,3.143624748774596,not_recalibrated_full_population_unavailable
WINGER,np_shots_90,winsorized_z_score,-0.287645834031934,-1.0137928671602263,0.0,0.7945422676120472,not_recalibrated_full_population_unavailable
WINGER,np_xg_90,z_score,0.6907153850122687,-0.700845224915883,0.0,1.0411379974702102,not_recalibrated_full_population_unavailable
WINGER,np_xg_90,robust_z_score,0.6907153850122687,-0.7008452249158839,0.0,1.0411379974702106,not_recalibrated_full_population_unavailable
WINGER,np_xg_90,percentile_rank,-1.1162489356597643e-16,-1.2000000000000002,0.0,0.6000000000000002,not_recalibrated_full_population_unavailable
WINGER,np_xg_90,min_max,0.6907153850122693,-0.7008452249158834,0.0,1.0411379974702109,not_recalibrated_full_population_unavailable
WINGER,np_xg_90,log_transform,0.6079925342518502,-0.8152812596327279,0.0,1.015633164068214,not_recalibrated_full_population_unavailable
WINGER,np_xg_90,quantile_transform,6.189950628693438e-11,5.487249497425349,8.0,3.143624748774574,not_recalibrated_full_population_unavailable
WINGER,np_xg_90,winsorized_z_score,0.6295794489447125,-0.9270487035691152,0.0,1.0931038007292702,not_recalibrated_full_population_unavailable
WINGER,obv_dribble_carry_90,z_score,0.6496973712808366,1.0089092987410622,4.0,1.3541520206513675,not_recalibrated_full_population_unavailable
WINGER,obv_dribble_carry_90,robust_z_score,0.6496973712808364,1.0089092987410622,4.0,1.3541520206513675,not_recalibrated_full_population_unavailable
WINGER,obv_dribble_carry_90,percentile_rank,-2.1555151861016143e-16,-1.1999999999999993,0.0,0.5999999999999999,not_recalibrated_full_population_unavailable
WINGER,obv_dribble_carry_90,min_max,0.6496973712808377,1.008909298741064,4.0,1.3541520206513695,not_recalibrated_full_population_unavailable
WINGER,obv_dribble_carry_90,log_transform,0.50338238710224,0.6951237613873689,4.0,1.0509442677959244,not_recalibrated_full_population_unavailable
WINGER,obv_dribble_carry_90,quantile_transform,6.190104651594006e-11,5.487249497425397,8.0,3.1436247487746,not_recalibrated_full_population_unavailable
WINGER,obv_dribble_carry_90,winsorized_z_score,-0.0217748136763373,-0.8061710541178297,0.0,0.4248603407352522,not_recalibrated_full_population_unavailable
WINGER,obv_pass_90,z_score,0.5145265051378662,0.3212184609069455,4.0,0.875135735591339,not_recalibrated_full_population_unavailable
WINGER,obv_pass_90,robust_z_score,0.5145265051378665,0.3212184609069437,4.0,0.8751357355913383,not_recalibrated_full_population_unavailable
WINGER,obv_pass_90,percentile_rank,-1.3625935283570911e-16,-1.200000000000001,0.0,0.6000000000000006,not_recalibrated_full_population_unavailable
WINGER,obv_pass_90,min_max,0.5145265051378669,0.3212184609069446,4.0,0.8751357355913392,not_recalibrated_full_population_unavailable
WINGER,obv_pass_90,log_transform,0.3640612199488589,0.168694707440975,0.0,0.4484085736693464,not_recalibrated_full_population_unavailable
WINGER,obv_pass_90,quantile_transform,6.189758066750472e-11,5.487249497425383,8.0,3.143624748774589,not_recalibrated_full_population_unavailable
WINGER,obv_pass_90,winsorized_z_score,0.3130777286892974,-0.4032480080312797,0.0,0.5147017327049372,not_recalibrated_full_population_unavailable
CF,aerial_ratio,z_score,-0.1716472083027715,-0.5634299536019229,0.0,0.453362185103733,not_recalibrated_full_population_unavailable
CF,aerial_ratio,robust_z_score,-0.1716472083027716,-0.5634299536019243,0.0,0.4533621851037338,not_recalibrated_full_population_unavailable
CF,aerial_ratio,percentile_rank,2.8975546439088083e-16,-1.2000000000000002,0.0,0.6000000000000004,not_recalibrated_full_population_unavailable
CF,aerial_ratio,min_max,-0.1716472083027715,-0.5634299536019247,0.0,0.4533621851037339,not_recalibrated_full_population_unavailable
CF,aerial_ratio,log_transform,-0.36239828192317,-0.6841906269522879,0.0,0.704493595399314,not_recalibrated_full_population_unavailable
CF,aerial_ratio,quantile_transform,6.146040740312059e-11,5.215361342457381,9.090909090909092,3.062226125835606,not_recalibrated_full_population_unavailable
CF,aerial_ratio,winsorized_z_score,-0.5410459112695231,-1.0951886328237506,0.0,1.0886402276813985,not_recalibrated_full_population_unavailable
CF,aerial_wins_90,z_score,0.9516142363206788,0.7652618358836509,0.0,1.3342451542625042,not_recalibrated_full_population_unavailable
CF,aerial_wins_90,robust_z_score,0.9516142363206788,0.76526183588365,0.0,1.3342451542625038,not_recalibrated_full_population_unavailable
CF,aerial_wins_90,percentile_rank,1.5406510057856594e-15,-1.1999999999999988,0.0,0.600000000000001,not_recalibrated_full_population_unavailable
CF,aerial_wins_90,min_max,0.9516142363206788,0.76526183588365,0.0,1.3342451542625038,not_recalibrated_full_population_unavailable
CF,aerial_wins_90,log_transform,-0.0283350364754677,-0.4578161664620319,0.0,0.2572431197064836,not_recalibrated_full_population_unavailable
CF,aerial_wins_90,quantile_transform,6.146078787655879e-11,5.215361342457376,9.090909090909092,3.062226125835603,not_recalibrated_full_population_unavailable
CF,aerial_wins_90,winsorized_z_score,0.6390407360465977,-0.3438763275525081,0.0,0.8109788998228518,not_recalibrated_full_population_unavailable
CF,goals_90,z_score,0.5387353337053518,-0.3203090458616064,0.0,0.698889856636155,not_recalibrated_full_population_unavailable
CF,goals_90,robust_z_score,0.5387353337053516,-0.3203090458616051,0.0,0.6988898566361542,not_recalibrated_full_population_unavailable
CF,goals_90,percentile_rank,0.0028719619751228,-1.2081364550416551,0.0,0.6069401894959504,not_recalibrated_full_population_unavailable
CF,goals_90,min_max,0.5387353337053513,-0.3203090458616042,0.0,0.6988898566361534,not_recalibrated_full_population_unavailable
CF,goals_90,log_transform,0.2307893301052506,-0.4755283575775086,0.0,0.468553508894005,not_recalibrated_full_population_unavailable
CF,goals_90,quantile_transform,-0.5134427932844211,3.4535774609509966,13.636363636363637,2.922049705578101,not_recalibrated_full_population_unavailable
CF,goals_90,winsorized_z_score,0.4984777931881045,-0.4321119729823315,0.0,0.7145337796792702,not_recalibrated_full_population_unavailable
CF,np_shots_90,z_score,0.2089488894314561,0.7499126835969454,9.090909090909092,1.0384506857753837,not_recalibrated_full_population_unavailable
CF,np_shots_90,robust_z_score,0.2089488894314563,0.7499126835969454,9.090909090909092,1.0384506857753837,not_recalibrated_full_population_unavailable
CF,np_shots_90,percentile_rank,1.5477182122342177e-15,-1.1999999999999995,0.0,0.6000000000000014,not_recalibrated_full_population_unavailable
CF,np_shots_90,min_max,0.2089488894314554,0.7499126835969481,9.090909090909092,1.038450685775384,not_recalibrated_full_population_unavailable
CF,np_shots_90,log_transform,-0.9525703879704538,2.288957778473057,9.090909090909092,2.551594731752437,not_recalibrated_full_population_unavailable
CF,np_shots_90,quantile_transform,6.146124911545831e-11,5.215361342457364,9.090909090909092,3.0622261258355974,not_recalibrated_full_population_unavailable
CF,np_shots_90,winsorized_z_score,0.3827661607565487,-0.2007620569392578,0.0,0.4831471892261776,not_recalibrated_full_population_unavailable
CF,np_xg_90,z_score,-0.1318665703494184,-0.4178703593131803,0.0,0.3408017500060086,not_recalibrated_full_population_unavailable
CF,np_xg_90,robust_z_score,-0.1318665703494184,-0.4178703593131811,0.0,0.340801750006009,not_recalibrated_full_population_unavailable
CF,np_xg_90,percentile_rank,1.512382179991427e-15,-1.2000000000000002,0.0,0.6000000000000016,not_recalibrated_full_population_unavailable
CF,np_xg_90,min_max,-0.1318665703494204,-0.4178703593131816,0.0,0.3408017500060112,not_recalibrated_full_population_unavailable
CF,np_xg_90,log_transform,-0.3440943075451942,-0.3140895021625813,0.0,0.5011390586264849,not_recalibrated_full_population_unavailable
CF,np_xg_90,quantile_transform,6.146107006913446e-11,5.215361342457374,9.090909090909092,3.0622261258356027,not_recalibrated_full_population_unavailable
CF,np_xg_90,winsorized_z_score,0.0621194757710535,-0.8371481866557109,0.0,0.480693569098909,not_recalibrated_full_population_unavailable
CF,op_passes_into_and_touches_inside_box_90,z_score,0.2084018520637423,3.319620773083084,9.090909090909092,2.3227576931507388,not_recalibrated_full_population_unavailable
CF,op_passes_into_and_touches_inside_box_90,robust_z_score,0.2084018520637424,3.319620773083087,9.090909090909092,2.3227576931507405,not_recalibrated_full_population_unavailable
CF,op_passes_into_and_touches_inside_box_90,percentile_rank,1.5406510057856594e-15,-1.2000000000000002,0.0,0.6000000000000016,not_recalibrated_full_population_unavailable
CF,op_passes_into_and_touches_inside_box_90,min_max,0.2084018520637432,3.319620773083085,9.090909090909092,2.3227576931507405,not_recalibrated_full_population_unavailable
CF,op_passes_into_and_touches_inside_box_90,log_transform,-2.508230469416584,9.533454741263371,13.636363636363637,7.956776021866451,not_recalibrated_full_population_unavailable
CF,op_passes_into_and_touches_inside_box_90,quantile_transform,6.146238372422825e-11,5.215361342457381,9.090909090909092,3.062226125835608,not_recalibrated_full_population_unavailable
CF,op_passes_into_and_touches_inside_box_90,winsorized_z_score,-0.040567298705835,-0.2459275569578922,0.0,0.1635310771847811,not_recalibrated_full_population_unavailable
CF,op_xgchain_90,z_score,0.3788310024157733,0.936851896821974,4.545454545454546,1.0745296780994875,not_recalibrated_full_population_unavailable
CF,op_xgchain_90,robust_z_score,0.3788310024157733,0.9368518968219748,4.545454545454546,1.074529678099488,not_recalibrated_full_population_unavailable
CF,op_xgchain_90,percentile_rank,3.0583266890447074e-16,-1.2000000000000002,0.0,0.6000000000000004,not_recalibrated_full_population_unavailable
CF,op_xgchain_90,min_max,0.3788310024157731,0.9368518968219748,4.545454545454546,1.0745296780994875,not_recalibrated_full_population_unavailable
CF,op_xgchain_90,log_transform,-0.0390266202261774,0.5211083170892934,0.0,0.2995807787708241,not_recalibrated_full_population_unavailable
CF,op_xgchain_90,quantile_transform,6.146068575992602e-11,5.215361342457381,9.090909090909092,3.062226125835606,not_recalibrated_full_population_unavailable
CF,op_xgchain_90,winsorized_z_score,-0.2570424009123462,-0.9157431184367651,0.0,0.7149139601307288,not_recalibrated_full_population_unavailable
