role,player_id,player_name,metric,contribution_type,contribution_delta,experiment_008_status
CB,3252,Oussama Haddadi,obv_pass_90,positive,42.36736161705884,not_recalculated_full_population_unavailable
CB,3252,Oussama Haddadi,aerial_ratio,positive,31.92004849787542,not_recalculated_full_population_unavailable
CB,3252,Oussama Haddadi,op_f3_passes_90,positive,30.828900078597293,not_recalculated_full_population_unavailable
CB,3252,Oussama Haddadi,blocks_per_shot,negative,-57.63263838294116,not_recalculated_full_population_unavailable
CB,3252,Oussama Haddadi,clearance_90,negative,-42.24802299832578,not_recalculated_full_population_unavailable
CB,3252,Oussama Haddadi,obv_defensive_action_90,negative,-23.30954254907109,not_recalculated_full_population_unavailable
CB,7378,Yunis Abdelhamid,aerial_ratio,positive,56.0268333097064,not_recalculated_full_population_unavailable
CB,7378,Yunis Abdelhamid,interceptions_90,positive,54.76366437029412,not_recalculated_full_population_unavailable
CB,7378,Yunis Abdelhamid,op_xgbuildup_90,positive,32.592633405155325,not_recalculated_full_population_unavailable
CB,7378,Yunis Abdelhamid,obv_pass_90,negative,-43.9731666902936,not_recalculated_full_population_unavailable
CB,7378,Yunis Abdelhamid,obv_defensive_action_90,negative,-43.9731666902936,not_recalculated_full_population_unavailable
CB,7378,Yunis Abdelhamid,clearance_90,negative,-40.12701284413975,not_recalculated_full_population_unavailable
CB,49760,Adil Rhaili,aerial_ratio,positive,43.99823381118328,not_recalculated_full_population_unavailable
CB,49760,Adil Rhaili,op_xgbuildup_90,positive,29.29379120576637,not_recalculated_full_population_unavailable
CB,49760,Adil Rhaili,op_f3_passes_90,positive,24.76746458041405,not_recalculated_full_population_unavailable
CB,49760,Adil Rhaili,ball_recoveries_90,negative,-39.76996982220084,not_recalculated_full_population_unavailable
CB,49760,Adil Rhaili,obv_defensive_action_90,negative,-30.21566675289362,not_recalculated_full_population_unavailable
CB,49760,Adil Rhaili,interceptions_90,negative,-28.94066221606336,not_recalculated_full_population_unavailable
CB,67700,Badr Banoun,op_f3_passes_90,positive,33.83305757056067,not_recalculated_full_population_unavailable
CB,67700,Badr Banoun,obv_pass_90,positive,28.880330608173765,not_recalculated_full_population_unavailable
CB,67700,Badr Banoun,op_xgbuildup_90,positive,21.016461986127425,not_recalculated_full_population_unavailable
CB,67700,Badr Banoun,clearance_90,negative,-39.2438655063624,not_recalculated_full_population_unavailable
CB,67700,Badr Banoun,aerial_ratio,negative,-16.37916791035287,not_recalculated_full_population_unavailable
CB,67700,Badr Banoun,ball_recoveries_90,negative,-15.577056142668477,not_recalculated_full_population_unavailable
CB,131244,Ismaël Kandouss,aerial_ratio,positive,32.596649855851815,not_recalculated_full_population_unavailable
CB,131244,Ismaël Kandouss,op_f3_passes_90,positive,20.61892478896433,not_recalculated_full_population_unavailable
CB,131244,Ismaël Kandouss,ball_recoveries_90,positive,18.66169110038542,not_recalculated_full_population_unavailable
CB,131244,Ismaël Kandouss,interceptions_90,negative,-31.736846800526287,not_recalculated_full_population_unavailable
CB,131244,Ismaël Kandouss,clearance_90,negative,-21.688767518727992,not_recalculated_full_population_unavailable
CB,131244,Ismaël Kandouss,obv_pass_90,negative,-20.863526250799843,not_recalculated_full_population_unavailable
CB,138871,Karim El Bounagat,clearance_90,positive,11.119491546514446,not_recalculated_full_population_unavailable
CB,138871,Karim El Bounagat,ball_recoveries_90,positive,10.931051312409338,not_recalculated_full_population_unavailable
CB,138871,Karim El Bounagat,aerial_ratio,positive,10.320470693455768,not_recalculated_full_population_unavailable
CB,138871,Karim El Bounagat,interceptions_90,negative,-26.036700911277677,not_recalculated_full_population_unavailable
CB,138871,Karim El Bounagat,op_f3_passes_90,negative,-19.64973922271632,not_recalculated_full_population_unavailable
CB,138871,Karim El Bounagat,op_xgbuildup_90,negative,-1.7542823004178911,not_recalculated_full_population_unavailable
CB,138918,Marwan Louadni,interceptions_90,positive,34.35343134272391,not_recalculated_full_population_unavailable
CB,138918,Marwan Louadni,op_xgbuildup_90,positive,34.35343134272391,not_recalculated_full_population_unavailable
CB,138918,Marwan Louadni,op_f3_passes_90,positive,18.96881595810852,not_recalculated_full_population_unavailable
CB,138918,Marwan Louadni,clearance_90,negative,-38.72349173419917,not_recalculated_full_population_unavailable
CB,138918,Marwan Louadni,obv_defensive_action_90,negative,-26.86463753504495,not_recalculated_full_population_unavailable
CB,138918,Marwan Louadni,aerial_ratio,negative,-7.43355539705054,not_recalculated_full_population_unavailable
CB,138958,Mouad Bahsain,blocks_per_shot,positive,62.84517175163869,not_recalculated_full_population_unavailable
CB,138958,Mouad Bahsain,obv_defensive_action_90,positive,33.70806841347162,not_recalculated_full_population_unavailable
CB,138958,Mouad Bahsain,obv_pass_90,positive,30.43774121992801,not_recalculated_full_population_unavailable
CB,138958,Mouad Bahsain,interceptions_90,negative,-37.15482824836131,not_recalculated_full_population_unavailable
CB,138958,Mouad Bahsain,ball_recoveries_90,negative,-37.15482824836131,not_recalculated_full_population_unavailable
CB,138958,Mouad Bahsain,op_xgbuildup_90,negative,-37.15482824836131,not_recalculated_full_population_unavailable
CB,138998,Abdellah Khafifi,op_xgbuildup_90,positive,32.32008044854997,not_recalculated_full_population_unavailable
CB,138998,Abdellah Khafifi,aerial_ratio,positive,15.428847010726171,not_recalculated_full_population_unavailable
CB,138998,Abdellah Khafifi,interceptions_90,positive,15.173604947146671,not_recalculated_full_population_unavailable
CB,138998,Abdellah Khafifi,blocks_per_shot,negative,-27.554446877627523,not_recalculated_full_population_unavailable
CB,138998,Abdellah Khafifi,obv_defensive_action_90,negative,-25.988935027882416,not_recalculated_full_population_unavailable
CB,138998,Abdellah Khafifi,ball_recoveries_90,negative,-19.108328435082782,not_recalculated_full_population_unavailable
CB,139023,Amine Aboulfath,clearance_90,positive,24.696457431063664,not_recalculated_full_population_unavailable
CB,139023,Amine Aboulfath,blocks_per_shot,positive,19.70198766417885,not_recalculated_full_population_unavailable
CB,139023,Amine Aboulfath,obv_pass_90,positive,19.307369039039784,not_recalculated_full_population_unavailable
CB,139023,Amine Aboulfath,aerial_ratio,negative,-35.55456443809087,not_recalculated_full_population_unavailable
CB,139023,Amine Aboulfath,ball_recoveries_90,negative,-14.980906370082083,not_recalculated_full_population_unavailable
CB,139023,Amine Aboulfath,op_f3_passes_90,negative,-13.7650810304748,not_recalculated_full_population_unavailable
CB,139556,Bilal El Ouadghiri,obv_pass_90,positive,19.189705639505934,not_recalculated_full_population_unavailable
CB,139556,Bilal El Ouadghiri,obv_defensive_action_90,positive,18.308574515487784,not_recalculated_full_population_unavailable
CB,139556,Bilal El Ouadghiri,aerial_ratio,positive,10.494152139175291,not_recalculated_full_population_unavailable
CB,139556,Bilal El Ouadghiri,interceptions_90,negative,-45.56310120691897,not_recalculated_full_population_unavailable
CB,139556,Bilal El Ouadghiri,ball_recoveries_90,negative,-8.918498603516518,not_recalculated_full_population_unavailable
CB,139556,Bilal El Ouadghiri,op_xgbuildup_90,negative,-6.995146198911428,not_recalculated_full_population_unavailable
CB,157113,Badr Gaddarine,obv_pass_90,positive,42.99297058279941,not_recalculated_full_population_unavailable
CB,157113,Badr Gaddarine,op_f3_passes_90,positive,39.14681673664557,not_recalculated_full_population_unavailable
CB,157113,Badr Gaddarine,ball_recoveries_90,positive,21.568127154343408,not_recalculated_full_population_unavailable
CB,157113,Badr Gaddarine,aerial_ratio,negative,-38.183853193844215,not_recalculated_full_population_unavailable
CB,157113,Badr Gaddarine,op_xgbuildup_90,negative,-32.320832002952315,not_recalculated_full_population_unavailable
CB,157113,Badr Gaddarine,clearance_90,negative,-26.23779864796982,not_recalculated_full_population_unavailable
CB,202502,Soulaimane El Amrani,obv_defensive_action_90,positive,59.75703339129995,not_recalculated_full_population_unavailable
CB,202502,Soulaimane El Amrani,blocks_per_shot,positive,36.116941946094165,not_recalculated_full_population_unavailable
CB,202502,Soulaimane El Amrani,aerial_ratio,positive,3.5580984187958293,not_recalculated_full_population_unavailable
CB,202502,Soulaimane El Amrani,obv_pass_90,negative,-34.60905337006509,not_recalculated_full_population_unavailable
CB,202502,Soulaimane El Amrani,op_f3_passes_90,negative,-23.07059183160355,not_recalculated_full_population_unavailable
CB,202502,Soulaimane El Amrani,op_xgbuildup_90,negative,-20.142619571672157,not_recalculated_full_population_unavailable
CB,313283,Tahar Ahmed Madeira El Khalej,blocks_per_shot,positive,37.41957161775529,not_recalculated_full_population_unavailable
CB,313283,Tahar Ahmed Madeira El Khalej,clearance_90,positive,6.048483689290315,not_recalculated_full_population_unavailable
CB,313283,Tahar Ahmed Madeira El Khalej,aerial_ratio,positive,5.493094917149854,not_recalculated_full_population_unavailable
CB,313283,Tahar Ahmed Madeira El Khalej,interceptions_90,negative,-33.01730540538642,not_recalculated_full_population_unavailable
CB,313283,Tahar Ahmed Madeira El Khalej,op_f3_passes_90,negative,-13.182285541478915,not_recalculated_full_population_unavailable
CB,313283,Tahar Ahmed Madeira El Khalej,op_xgbuildup_90,negative,-5.383033724213348,not_recalculated_full_population_unavailable
CB,314452,Zouhair Marour,op_f3_passes_90,positive,46.71475090391071,not_recalculated_full_population_unavailable
CB,314452,Zouhair Marour,ball_recoveries_90,positive,28.642418321131075,not_recalculated_full_population_unavailable
CB,314452,Zouhair Marour,interceptions_90,positive,7.479893254592021,not_recalculated_full_population_unavailable
CB,314452,Zouhair Marour,clearance_90,negative,-41.74678755762775,not_recalculated_full_population_unavailable
CB,314452,Zouhair Marour,blocks_per_shot,negative,-20.258459811803,not_recalculated_full_population_unavailable
CB,314452,Zouhair Marour,obv_defensive_action_90,negative,-15.664120867449334,not_recalculated_full_population_unavailable
CB,314466,Mohamed Saoud,clearance_90,positive,25.64297394769534,not_recalculated_full_population_unavailable
CB,314466,Mohamed Saoud,ball_recoveries_90,positive,18.057367844279625,not_recalculated_full_population_unavailable
CB,314466,Mohamed Saoud,obv_pass_90,positive,15.9752483444054,not_recalculated_full_population_unavailable
CB,314466,Mohamed Saoud,blocks_per_shot,negative,-33.251256821535435,not_recalculated_full_population_unavailable
CB,314466,Mohamed Saoud,interceptions_90,negative,-17.08230929607941,not_recalculated_full_population_unavailable
CB,314466,Mohamed Saoud,op_xgbuildup_90,negative,-16.82085107479999,not_recalculated_full_population_unavailable
CB,338916,Johnstone Omurwa,clearance_90,positive,48.21752228326618,not_recalculated_full_population_unavailable
CB,338916,Johnstone Omurwa,blocks_per_shot,positive,24.02226111647782,not_recalculated_full_population_unavailable
CB,338916,Johnstone Omurwa,obv_pass_90,positive,18.16151518366432,not_recalculated_full_population_unavailable
CB,338916,Johnstone Omurwa,obv_defensive_action_90,negative,-47.93632387057998,not_recalculated_full_population_unavailable
CB,338916,Johnstone Omurwa,op_f3_passes_90,negative,-44.090170024426136,not_recalculated_full_population_unavailable
CB,338916,Johnstone Omurwa,ball_recoveries_90,negative,-10.664186566181776,not_recalculated_full_population_unavailable
CB,363239,Bilal Soufi,obv_defensive_action_90,positive,47.13768192940719,not_recalculated_full_population_unavailable
CB,363239,Bilal Soufi,clearance_90,positive,24.06075885248412,not_recalculated_full_population_unavailable
CB,363239,Bilal Soufi,blocks_per_shot,positive,23.433650028653997,not_recalculated_full_population_unavailable
CB,363239,Bilal Soufi,interceptions_90,negative,-36.438678318241706,not_recalculated_full_population_unavailable
CB,363239,Bilal Soufi,op_xgbuildup_90,negative,-30.61091679929451,not_recalculated_full_population_unavailable
CB,363239,Bilal Soufi,obv_pass_90,negative,-17.770137518014373,not_recalculated_full_population_unavailable
CB,407555,James Monday Ajako,obv_pass_90,positive,32.218201619535044,not_recalculated_full_population_unavailable
CB,407555,James Monday Ajako,obv_defensive_action_90,positive,22.485128957772567,not_recalculated_full_population_unavailable
CB,407555,James Monday Ajako,ball_recoveries_90,positive,22.36771871662919,not_recalculated_full_population_unavailable
CB,407555,James Monday Ajako,blocks_per_shot,negative,-20.3233385400244,not_recalculated_full_population_unavailable
CB,407555,James Monday Ajako,interceptions_90,negative,-14.7335304826806,not_recalculated_full_population_unavailable
CB,407555,James Monday Ajako,op_f3_passes_90,negative,-13.745899585536272,not_recalculated_full_population_unavailable
CB,409303,Faraji Karmoune,ball_recoveries_90,positive,41.38975784093072,not_recalculated_full_population_unavailable
CB,409303,Faraji Karmoune,obv_pass_90,positive,39.5435257427416,not_recalculated_full_population_unavailable
CB,409303,Faraji Karmoune,clearance_90,positive,26.005142456315333,not_recalculated_full_population_unavailable
CB,409303,Faraji Karmoune,aerial_ratio,negative,-58.61024215906928,not_recalculated_full_population_unavailable
CB,409303,Faraji Karmoune,blocks_per_shot,negative,-40.15494386601537,not_recalculated_full_population_unavailable
CB,409303,Faraji Karmoune,op_f3_passes_90,negative,-23.994857543684667,not_recalculated_full_population_unavailable
CB,419744,Driss El Jabali,clearance_90,positive,39.7425872087435,not_recalculated_full_population_unavailable
CB,419744,Driss El Jabali,interceptions_90,positive,18.020372479516425,not_recalculated_full_population_unavailable
CB,419744,Driss El Jabali,op_xgbuildup_90,positive,3.9779581850353978,not_recalculated_full_population_unavailable
CB,419744,Driss El Jabali,aerial_ratio,negative,-34.364182635042255,not_recalculated_full_population_unavailable
CB,419744,Driss El Jabali,obv_pass_90,negative,-17.118438051684606,not_recalculated_full_population_unavailable
CB,419744,Driss El Jabali,blocks_per_shot,negative,-10.86572851155558,not_recalculated_full_population_unavailable
CB,442093,Yassine Fatine,obv_defensive_action_90,positive,65.80181694312171,not_recalculated_full_population_unavailable
CB,442093,Yassine Fatine,blocks_per_shot,positive,11.876018841309786,not_recalculated_full_population_unavailable
CB,442093,Yassine Fatine,interceptions_90,positive,10.532002291505576,not_recalculated_full_population_unavailable
CB,442093,Yassine Fatine,aerial_ratio,negative,-34.1981830568783,not_recalculated_full_population_unavailable
CB,442093,Yassine Fatine,ball_recoveries_90,negative,-24.042850738359697,not_recalculated_full_population_unavailable
CB,442093,Yassine Fatine,op_xgbuildup_90,negative,-22.48619719482568,not_recalculated_full_population_unavailable
CB,477678,Cheick Keita,aerial_ratio,positive,42.48563741271892,not_recalculated_full_population_unavailable
CB,477678,Cheick Keita,clearance_90,positive,41.58074181939856,not_recalculated_full_population_unavailable
CB,477678,Cheick Keita,ball_recoveries_90,positive,29.528507844570072,not_recalculated_full_population_unavailable
CB,477678,Cheick Keita,op_f3_passes_90,negative,-39.188488949832205,not_recalculated_full_population_unavailable
CB,477678,Cheick Keita,obv_pass_90,negative,-34.84863107384695,not_recalculated_full_population_unavailable
CB,477678,Cheick Keita,op_xgbuildup_90,negative,-18.485302520540696,not_recalculated_full_population_unavailable
CB,523290,Achraf Zine,blocks_per_shot,positive,32.410956057440984,not_recalculated_full_population_unavailable
CB,523290,Achraf Zine,op_f3_passes_90,positive,23.159709484792685,not_recalculated_full_population_unavailable
CB,523290,Achraf Zine,interceptions_90,positive,15.11489089134298,not_recalculated_full_population_unavailable
CB,523290,Achraf Zine,obv_defensive_action_90,negative,-24.413533069112315,not_recalculated_full_population_unavailable
CB,523290,Achraf Zine,aerial_ratio,negative,-22.699481934687142,not_recalculated_full_population_unavailable
CB,523290,Achraf Zine,obv_pass_90,negative,-13.8279285135673,not_recalculated_full_population_unavailable
CB,524512,Reda Ait Boughima,clearance_90,positive,32.689287045117794,not_recalculated_full_population_unavailable
CB,524512,Reda Ait Boughima,ball_recoveries_90,positive,22.8488018611334,not_recalculated_full_population_unavailable
CB,524512,Reda Ait Boughima,aerial_ratio,positive,16.419967486944344,not_recalculated_full_population_unavailable
CB,524512,Reda Ait Boughima,interceptions_90,negative,-44.85758509777306,not_recalculated_full_population_unavailable
CB,524512,Reda Ait Boughima,op_xgbuildup_90,negative,-14.836513989589058,not_recalculated_full_population_unavailable
CB,524512,Reda Ait Boughima,obv_defensive_action_90,negative,-10.133588033785216,not_recalculated_full_population_unavailable
CF,3319,Yacine Bammou,aerial_wins_90,positive,45.90183923387126,not_recalculated_full_population_unavailable
CF,3319,Yacine Bammou,aerial_ratio,positive,27.16436656248824,not_recalculated_full_population_unavailable
CF,3319,Yacine Bammou,np_shots_90,positive,12.561218741658216,not_recalculated_full_population_unavailable
CF,3319,Yacine Bammou,op_xgchain_90,negative,-34.30326754686638,not_recalculated_full_population_unavailable
CF,3319,Yacine Bammou,np_xg_90,negative,-22.951020547602784,not_recalculated_full_population_unavailable
CF,3319,Yacine Bammou,goals_90,negative,-18.14350832489001,not_recalculated_full_population_unavailable
CF,38423,Siriki Sanogo,aerial_ratio,positive,78.16195725572243,not_recalculated_full_population_unavailable
CF,38423,Siriki Sanogo,aerial_wins_90,positive,31.028256465665397,not_recalculated_full_population_unavailable
CF,38423,Siriki Sanogo,np_xg_90,positive,-21.83804274427757,not_recalculated_full_population_unavailable
CF,38423,Siriki Sanogo,np_xg_90,negative,-21.83804274427757,not_recalculated_full_population_unavailable
CF,38423,Siriki Sanogo,goals_90,negative,-21.83804274427757,not_recalculated_full_population_unavailable
CF,38423,Siriki Sanogo,np_shots_90,negative,-21.83804274427757,not_recalculated_full_population_unavailable
CF,138876,Hamza Khaba,op_passes_into_and_touches_inside_box_90,positive,29.24743808683266,not_recalculated_full_population_unavailable
CF,138876,Hamza Khaba,op_xgchain_90,positive,29.24743808683266,not_recalculated_full_population_unavailable
CF,138876,Hamza Khaba,aerial_wins_90,positive,-1.3491385558253484,not_recalculated_full_population_unavailable
CF,138876,Hamza Khaba,goals_90,negative,-33.34533301234607,not_recalculated_full_population_unavailable
CF,138876,Hamza Khaba,aerial_ratio,negative,-16.062802534460936,not_recalculated_full_population_unavailable
CF,138876,Hamza Khaba,np_shots_90,negative,-4.934672336344107,not_recalculated_full_population_unavailable
CF,139566,Youssef Elfahli,aerial_ratio,positive,17.672466601175124,not_recalculated_full_population_unavailable
CF,139566,Youssef Elfahli,op_xgchain_90,positive,17.481804338039147,not_recalculated_full_population_unavailable
CF,139566,Youssef Elfahli,goals_90,positive,11.28811566915538,not_recalculated_full_population_unavailable
CF,139566,Youssef Elfahli,np_shots_90,negative,-32.18112030622736,not_recalculated_full_population_unavailable
CF,139566,Youssef Elfahli,aerial_wins_90,negative,-22.279856316491696,not_recalculated_full_population_unavailable
CF,139566,Youssef Elfahli,op_passes_into_and_touches_inside_box_90,negative,0.2614891872320513,not_recalculated_full_population_unavailable
CF,140867,Ismail Khafi,op_passes_into_and_touches_inside_box_90,positive,14.895278210931744,not_recalculated_full_population_unavailable
CF,140867,Ismail Khafi,np_xg_90,positive,11.642609683175571,not_recalculated_full_population_unavailable
CF,140867,Ismail Khafi,aerial_ratio,positive,1.3122170764098655,not_recalculated_full_population_unavailable
CF,140867,Ismail Khafi,aerial_wins_90,negative,-16.44095879494955,not_recalculated_full_population_unavailable
CF,140867,Ismail Khafi,goals_90,negative,-8.83637675590699,not_recalculated_full_population_unavailable
CF,140867,Ismail Khafi,op_xgchain_90,negative,-1.784770569605115,not_recalculated_full_population_unavailable
CF,140886,Mustapha Sahd,op_passes_into_and_touches_inside_box_90,positive,23.16017258020358,not_recalculated_full_population_unavailable
CF,140886,Mustapha Sahd,np_shots_90,positive,21.48922777540176,not_recalculated_full_population_unavailable
CF,140886,Mustapha Sahd,np_xg_90,positive,20.52517966302682,not_recalculated_full_population_unavailable
CF,140886,Mustapha Sahd,goals_90,negative,-27.36023018585609,not_recalculated_full_population_unavailable
CF,140886,Mustapha Sahd,aerial_ratio,negative,-26.75938259207706,not_recalculated_full_population_unavailable
CF,140886,Mustapha Sahd,op_xgchain_90,negative,-8.082808000556199,not_recalculated_full_population_unavailable
CF,140887,Haytham El Bahja,op_passes_into_and_touches_inside_box_90,positive,9.105226537783956,not_recalculated_full_population_unavailable
CF,140887,Haytham El Bahja,np_xg_90,positive,8.654029661985568,not_recalculated_full_population_unavailable
CF,140887,Haytham El Bahja,aerial_ratio,positive,6.159584792440938,not_recalculated_full_population_unavailable
CF,140887,Haytham El Bahja,aerial_wins_90,negative,-26.083151586088032,not_recalculated_full_population_unavailable
CF,140887,Haytham El Bahja,goals_90,negative,-1.4067859423347926,not_recalculated_full_population_unavailable
CF,140887,Haytham El Bahja,np_shots_90,negative,-1.162482949637436,not_recalculated_full_population_unavailable
CF,143504,Oussama Lamlaoui,np_xg_90,positive,35.40993847728318,not_recalculated_full_population_unavailable
CF,143504,Oussama Lamlaoui,np_shots_90,positive,35.40993847728318,not_recalculated_full_population_unavailable
CF,143504,Oussama Lamlaoui,goals_90,positive,30.19436829618722,not_recalculated_full_population_unavailable
CF,143504,Oussama Lamlaoui,aerial_wins_90,negative,-64.59006152271682,not_recalculated_full_population_unavailable
CF,143504,Oussama Lamlaoui,aerial_ratio,negative,-55.28349801365324,not_recalculated_full_population_unavailable
CF,143504,Oussama Lamlaoui,op_xgchain_90,negative,5.1202846255902585,not_recalculated_full_population_unavailable
CF,155347,Ayoub Mouloua,op_xgchain_90,positive,9.77269791151938,not_recalculated_full_population_unavailable
CF,155347,Ayoub Mouloua,op_passes_into_and_touches_inside_box_90,positive,7.321775487646789,not_recalculated_full_population_unavailable
CF,155347,Ayoub Mouloua,np_xg_90,positive,3.985354017783102,not_recalculated_full_population_unavailable
CF,155347,Ayoub Mouloua,aerial_ratio,negative,-12.526581191757865,not_recalculated_full_population_unavailable
CF,155347,Ayoub Mouloua,goals_90,negative,-4.881438481223938,not_recalculated_full_population_unavailable
CF,155347,Ayoub Mouloua,np_shots_90,negative,-2.9421849052906666,not_recalculated_full_population_unavailable
CF,155705,Soufiane Benjdida,goals_90,positive,38.09807232710868,not_recalculated_full_population_unavailable
CF,155705,Soufiane Benjdida,np_shots_90,positive,38.09807232710868,not_recalculated_full_population_unavailable
CF,155705,Soufiane Benjdida,np_xg_90,positive,23.879980880827706,not_recalculated_full_population_unavailable
CF,155705,Soufiane Benjdida,aerial_wins_90,negative,-47.77391575904002,not_recalculated_full_population_unavailable
CF,155705,Soufiane Benjdida,aerial_ratio,negative,-44.3241724140412,not_recalculated_full_population_unavailable
CF,155705,Soufiane Benjdida,op_passes_into_and_touches_inside_box_90,negative,-4.329842958856695,not_recalculated_full_population_unavailable
CF,312936,Hamza Hannouri,goals_90,positive,9.194647024438602,not_recalculated_full_population_unavailable
CF,312936,Hamza Hannouri,aerial_wins_90,positive,8.45307647423953,not_recalculated_full_population_unavailable
CF,312936,Hamza Hannouri,np_xg_90,positive,4.249684745267196,not_recalculated_full_population_unavailable
CF,312936,Hamza Hannouri,np_shots_90,negative,-23.53576153082196,not_recalculated_full_population_unavailable
CF,312936,Hamza Hannouri,op_xgchain_90,negative,-1.4686527284112998,not_recalculated_full_population_unavailable
CF,312936,Hamza Hannouri,op_passes_into_and_touches_inside_box_90,negative,-0.3659168684772211,not_recalculated_full_population_unavailable
CF,335508,Paul Valère Bassène,aerial_ratio,positive,16.773803061068918,not_recalculated_full_population_unavailable
CF,335508,Paul Valère Bassène,goals_90,positive,4.7004440855394805,not_recalculated_full_population_unavailable
CF,335508,Paul Valère Bassène,op_passes_into_and_touches_inside_box_90,positive,4.208438879757374,not_recalculated_full_population_unavailable
CF,335508,Paul Valère Bassène,aerial_wins_90,negative,-16.86301295464093,not_recalculated_full_population_unavailable
CF,335508,Paul Valère Bassène,np_shots_90,negative,-14.107000415386471,not_recalculated_full_population_unavailable
CF,335508,Paul Valère Bassène,op_xgchain_90,negative,2.4614467943378173,not_recalculated_full_population_unavailable
CF,360406,Imad Khannouss,op_passes_into_and_touches_inside_box_90,positive,31.66353915498969,not_recalculated_full_population_unavailable
CF,360406,Imad Khannouss,op_xgchain_90,positive,21.432422734865234,not_recalculated_full_population_unavailable
CF,360406,Imad Khannouss,aerial_wins_90,positive,15.257361735882045,not_recalculated_full_population_unavailable
CF,360406,Imad Khannouss,goals_90,negative,-21.68464840828537,not_recalculated_full_population_unavailable
CF,360406,Imad Khannouss,aerial_ratio,negative,-21.68464840828537,not_recalculated_full_population_unavailable
CF,360406,Imad Khannouss,op_passes_into_and_touches_inside_box_90,negative,-18.964354141784504,not_recalculated_full_population_unavailable
CF,406860,Abdelaziz El Hamzaoui,aerial_wins_90,positive,38.85719639185548,not_recalculated_full_population_unavailable
CF,406860,Abdelaziz El Hamzaoui,aerial_ratio,positive,22.272894931189185,not_recalculated_full_population_unavailable
CF,406860,Abdelaziz El Hamzaoui,op_xgchain_90,positive,-3.570572087409726,not_recalculated_full_population_unavailable
CF,406860,Abdelaziz El Hamzaoui,np_shots_90,negative,-23.87331776713358,not_recalculated_full_population_unavailable
CF,406860,Abdelaziz El Hamzaoui,goals_90,negative,-14.971958332968908,not_recalculated_full_population_unavailable
CF,406860,Abdelaziz El Hamzaoui,np_xg_90,negative,-11.934965930991474,not_recalculated_full_population_unavailable
CF,409301,Jawad Ghabra,op_passes_into_and_touches_inside_box_90,positive,18.90213664311512,not_recalculated_full_population_unavailable
CF,409301,Jawad Ghabra,aerial_ratio,positive,10.781622074092674,not_recalculated_full_population_unavailable
CF,409301,Jawad Ghabra,aerial_wins_90,positive,7.675935518514478,not_recalculated_full_population_unavailable
CF,409301,Jawad Ghabra,goals_90,negative,-21.701246367849627,not_recalculated_full_population_unavailable
CF,409301,Jawad Ghabra,np_xg_90,negative,-10.926222313051548,not_recalculated_full_population_unavailable
CF,409301,Jawad Ghabra,op_xgchain_90,negative,-7.161601089291537,not_recalculated_full_population_unavailable
CF,442295,Reda Abardi,aerial_ratio,positive,25.53264770048643,not_recalculated_full_population_unavailable
CF,442295,Reda Abardi,np_xg_90,positive,11.379125278268802,not_recalculated_full_population_unavailable
CF,442295,Reda Abardi,aerial_wins_90,positive,6.529425630989053,not_recalculated_full_population_unavailable
CF,442295,Reda Abardi,op_passes_into_and_touches_inside_box_90,negative,-28.432175197670745,not_recalculated_full_population_unavailable
CF,442295,Reda Abardi,goals_90,negative,-11.97830773411414,not_recalculated_full_population_unavailable
CF,442295,Reda Abardi,op_xgchain_90,negative,-2.289232441500083,not_recalculated_full_population_unavailable
CF,453613,Baba Bello Ilou,goals_90,positive,24.29315588049927,not_recalculated_full_population_unavailable
CF,453613,Baba Bello Ilou,op_passes_into_and_touches_inside_box_90,positive,16.13468334063137,not_recalculated_full_population_unavailable
CF,453613,Baba Bello Ilou,np_xg_90,positive,6.182326397734329,not_recalculated_full_population_unavailable
CF,453613,Baba Bello Ilou,op_xgchain_90,negative,-24.92130246581837,not_recalculated_full_population_unavailable
CF,453613,Baba Bello Ilou,aerial_ratio,negative,-21.92389856361889,not_recalculated_full_population_unavailable
CF,453613,Baba Bello Ilou,np_shots_90,negative,-5.803680400645689,not_recalculated_full_population_unavailable
CF,477684,Brahim Amzili,aerial_ratio,positive,31.5986037396398,not_recalculated_full_population_unavailable
CF,477684,Brahim Amzili,aerial_wins_90,positive,20.62134061082387,not_recalculated_full_population_unavailable
CF,477684,Brahim Amzili,op_xgchain_90,positive,4.954103563418471,not_recalculated_full_population_unavailable
CF,477684,Brahim Amzili,np_shots_90,negative,-32.20821596410755,not_recalculated_full_population_unavailable
CF,477684,Brahim Amzili,np_xg_90,negative,-14.011445132285552,not_recalculated_full_population_unavailable
CF,477684,Brahim Amzili,goals_90,negative,-11.066494684438958,not_recalculated_full_population_unavailable
CF,503286,Mehdi Balouk,goals_90,positive,35.69500518080249,not_recalculated_full_population_unavailable
CF,503286,Mehdi Balouk,np_xg_90,positive,19.73367900545518,not_recalculated_full_population_unavailable
CF,503286,Mehdi Balouk,np_shots_90,positive,4.384394283727531,not_recalculated_full_population_unavailable
CF,503286,Mehdi Balouk,aerial_wins_90,negative,-31.672116197608894,not_recalculated_full_population_unavailable
CF,503286,Mehdi Balouk,aerial_ratio,negative,-28.884718963255708,not_recalculated_full_population_unavailable
CF,503286,Mehdi Balouk,op_passes_into_and_touches_inside_box_90,negative,-0.072418224172253,not_recalculated_full_population_unavailable
CF,522342,Younes El Bahraoui,op_xgchain_90,positive,16.166930783504917,not_recalculated_full_population_unavailable
CF,522342,Younes El Bahraoui,np_xg_90,positive,15.334969172575434,not_recalculated_full_population_unavailable
CF,522342,Younes El Bahraoui,goals_90,positive,11.109825765851092,not_recalculated_full_population_unavailable
CF,522342,Younes El Bahraoui,aerial_ratio,negative,-28.168456005876436,not_recalculated_full_population_unavailable
CF,522342,Younes El Bahraoui,aerial_wins_90,negative,-15.273307917450865,not_recalculated_full_population_unavailable
CF,522342,Younes El Bahraoui,op_passes_into_and_touches_inside_box_90,negative,-2.755899155686208,not_recalculated_full_population_unavailable
CF,524001,Nasreddine Moustaghfir,aerial_wins_90,positive,54.063071512335206,not_recalculated_full_population_unavailable
CF,524001,Nasreddine Moustaghfir,aerial_ratio,positive,24.794287181482368,not_recalculated_full_population_unavailable
CF,524001,Nasreddine Moustaghfir,goals_90,positive,-3.814671698213246,not_recalculated_full_population_unavailable
CF,524001,Nasreddine Moustaghfir,np_shots_90,negative,-30.563546269435637,not_recalculated_full_population_unavailable
CF,524001,Nasreddine Moustaghfir,op_xgchain_90,negative,-19.86800770202058,not_recalculated_full_population_unavailable
CF,524001,Nasreddine Moustaghfir,op_passes_into_and_touches_inside_box_90,negative,-19.57674980801545,not_recalculated_full_population_unavailable
CF,524392,Romuald Dacosta,aerial_wins_90,positive,18.8086268281002,not_recalculated_full_population_unavailable
CF,524392,Romuald Dacosta,goals_90,positive,16.838034851745185,not_recalculated_full_population_unavailable
CF,524392,Romuald Dacosta,np_xg_90,positive,9.07329787294774,not_recalculated_full_population_unavailable
CF,524392,Romuald Dacosta,op_passes_into_and_touches_inside_box_90,negative,-24.63620504941193,not_recalculated_full_population_unavailable
CF,524392,Romuald Dacosta,np_shots_90,negative,-16.996742647613285,not_recalculated_full_population_unavailable
CF,524392,Romuald Dacosta,aerial_ratio,negative,-2.0405009656054496,not_recalculated_full_population_unavailable
FB,81364,Euclides da Silva Cabral,box_cross_ratio,positive,41.6250718252137,not_recalculated_full_population_unavailable
FB,81364,Euclides da Silva Cabral,obv_dribble_carry_90,positive,15.737289189201285,not_recalculated_full_population_unavailable
FB,81364,Euclides da Silva Cabral,counterpressures_90,positive,2.693810928331714,not_recalculated_full_population_unavailable
FB,81364,Euclides da Silva Cabral,ball_recoveries_90,negative,-19.700784556206774,not_recalculated_full_population_unavailable
FB,81364,Euclides da Silva Cabral,op_f3_passes_90,negative,-19.045319506450895,not_recalculated_full_population_unavailable
FB,81364,Euclides da Silva Cabral,dribble_ratio,negative,-8.85919780366001,not_recalculated_full_population_unavailable
FB,135851,Augusto de Jesus Corte Real Carneiro,dribble_ratio,positive,38.32712066200181,not_recalculated_full_population_unavailable
FB,135851,Augusto de Jesus Corte Real Carneiro,obv_pass_90,positive,29.22593134174931,not_recalculated_full_population_unavailable
FB,135851,Augusto de Jesus Corte Real Carneiro,op_f3_passes_90,positive,25.32201445405521,not_recalculated_full_population_unavailable
FB,135851,Augusto de Jesus Corte Real Carneiro,counterpressures_90,negative,-44.24320293724912,not_recalculated_full_population_unavailable
FB,135851,Augusto de Jesus Corte Real Carneiro,key_passes_90,negative,-19.43085684609968,not_recalculated_full_population_unavailable
FB,135851,Augusto de Jesus Corte Real Carneiro,obv_dribble_carry_90,negative,-18.15624641550999,not_recalculated_full_population_unavailable
FB,138910,Jamal Ech-Chammakh,obv_pass_90,positive,21.500218313699374,not_recalculated_full_population_unavailable
FB,138910,Jamal Ech-Chammakh,obv_dribble_carry_90,positive,17.15239222674286,not_recalculated_full_population_unavailable
FB,138910,Jamal Ech-Chammakh,op_f3_passes_90,positive,8.456740052829815,not_recalculated_full_population_unavailable
FB,138910,Jamal Ech-Chammakh,dribble_ratio,negative,-32.53892502018632,not_recalculated_full_population_unavailable
FB,138910,Jamal Ech-Chammakh,box_cross_ratio,negative,-12.789559056242991,not_recalculated_full_population_unavailable
FB,138910,Jamal Ech-Chammakh,key_passes_90,negative,-8.290879525129569,not_recalculated_full_population_unavailable
FB,138927,Saad El Morsli,obv_dribble_carry_90,positive,32.1223942843762,not_recalculated_full_population_unavailable
FB,138927,Saad El Morsli,counterpressures_90,positive,32.1223942843762,not_recalculated_full_population_unavailable
FB,138927,Saad El Morsli,ball_recoveries_90,positive,32.1223942843762,not_recalculated_full_population_unavailable
FB,138927,Saad El Morsli,dribble_ratio,negative,-66.65522488841296,not_recalculated_full_population_unavailable
FB,138927,Saad El Morsli,box_cross_ratio,negative,-29.713189181559784,not_recalculated_full_population_unavailable
FB,138927,Saad El Morsli,obv_pass_90,negative,-10.8525249621076,not_recalculated_full_population_unavailable
FB,138945,Mohamed Boulacsout,op_f3_passes_90,positive,42.00687410236229,not_recalculated_full_population_unavailable
FB,138945,Mohamed Boulacsout,obv_dribble_carry_90,positive,37.65904801540577,not_recalculated_full_population_unavailable
FB,138945,Mohamed Boulacsout,key_passes_90,positive,17.822887182277782,not_recalculated_full_population_unavailable
FB,138945,Mohamed Boulacsout,ball_recoveries_90,negative,-40.60182154981162,not_recalculated_full_population_unavailable
FB,138945,Mohamed Boulacsout,dribble_ratio,negative,-40.60182154981162,not_recalculated_full_population_unavailable
FB,138945,Mohamed Boulacsout,counterpressures_90,negative,-23.21051720198553,not_recalculated_full_population_unavailable
FB,138949,Ayoub Boucheta,obv_pass_90,positive,33.26329698112111,not_recalculated_full_population_unavailable
FB,138949,Ayoub Boucheta,counterpressures_90,positive,31.27973065964964,not_recalculated_full_population_unavailable
FB,138949,Ayoub Boucheta,key_passes_90,positive,21.48444872125976,not_recalculated_full_population_unavailable
FB,138949,Ayoub Boucheta,ball_recoveries_90,negative,-45.0327389170073,not_recalculated_full_population_unavailable
FB,138949,Ayoub Boucheta,obv_dribble_carry_90,negative,-25.24200847078514,not_recalculated_full_population_unavailable
FB,138949,Ayoub Boucheta,dribble_ratio,negative,-12.350813477573126,not_recalculated_full_population_unavailable
FB,138956,Anas Bach,op_f3_passes_90,positive,36.28600419301842,not_recalculated_full_population_unavailable
FB,138956,Anas Bach,obv_dribble_carry_90,positive,14.546873758235796,not_recalculated_full_population_unavailable
FB,138956,Anas Bach,key_passes_90,positive,11.17038364810002,not_recalculated_full_population_unavailable
FB,138956,Anas Bach,counterpressures_90,negative,-50.67051754611202,not_recalculated_full_population_unavailable
FB,138956,Anas Bach,ball_recoveries_90,negative,-15.447935745605704,not_recalculated_full_population_unavailable
FB,138956,Anas Bach,obv_pass_90,negative,-6.887277567652966,not_recalculated_full_population_unavailable
FB,139560,Hamza El Moussaoui,op_f3_passes_90,positive,32.1681338438142,not_recalculated_full_population_unavailable
FB,139560,Hamza El Moussaoui,key_passes_90,positive,30.899376441942167,not_recalculated_full_population_unavailable
FB,139560,Hamza El Moussaoui,obv_pass_90,positive,27.05628763507478,not_recalculated_full_population_unavailable
FB,139560,Hamza El Moussaoui,counterpressures_90,negative,-37.39708354749014,not_recalculated_full_population_unavailable
FB,139560,Hamza El Moussaoui,ball_recoveries_90,negative,-27.25415119408698,not_recalculated_full_population_unavailable
FB,139560,Hamza El Moussaoui,box_cross_ratio,negative,-24.737646511918506,not_recalculated_full_population_unavailable
FB,140876,Mohamed Moufid,obv_dribble_carry_90,positive,20.29500560011553,not_recalculated_full_population_unavailable
FB,140876,Mohamed Moufid,ball_recoveries_90,positive,18.30117835710901,not_recalculated_full_population_unavailable
FB,140876,Mohamed Moufid,box_cross_ratio,positive,8.880828163420269,not_recalculated_full_population_unavailable
FB,140876,Mohamed Moufid,op_f3_passes_90,negative,-27.531081356406204,not_recalculated_full_population_unavailable
FB,140876,Mohamed Moufid,dribble_ratio,negative,-18.08643500295273,not_recalculated_full_population_unavailable
FB,140876,Mohamed Moufid,counterpressures_90,negative,-5.791950921623595,not_recalculated_full_population_unavailable
FB,142789,Oussama Soukhane,key_passes_90,positive,50.9756667026855,not_recalculated_full_population_unavailable
FB,142789,Oussama Soukhane,obv_pass_90,positive,40.04325683538548,not_recalculated_full_population_unavailable
FB,142789,Oussama Soukhane,box_cross_ratio,positive,31.20039047329331,not_recalculated_full_population_unavailable
FB,142789,Oussama Soukhane,ball_recoveries_90,negative,-46.03391571690552,not_recalculated_full_population_unavailable
FB,142789,Oussama Soukhane,obv_dribble_carry_90,negative,-27.28520286253189,not_recalculated_full_population_unavailable
FB,142789,Oussama Soukhane,dribble_ratio,negative,-24.764572315558784,not_recalculated_full_population_unavailable
FB,152015,Zakaria Kiani,key_passes_90,positive,11.37394036337271,not_recalculated_full_population_unavailable
FB,152015,Zakaria Kiani,obv_pass_90,positive,9.146323441529448,not_recalculated_full_population_unavailable
FB,152015,Zakaria Kiani,ball_recoveries_90,positive,6.400486910999646,not_recalculated_full_population_unavailable
FB,152015,Zakaria Kiani,dribble_ratio,negative,-21.22602466675565,not_recalculated_full_population_unavailable
FB,152015,Zakaria Kiani,obv_dribble_carry_90,negative,-7.587888908109441,not_recalculated_full_population_unavailable
FB,152015,Zakaria Kiani,box_cross_ratio,negative,-0.3223636726439665,not_recalculated_full_population_unavailable
FB,178342,Ettayb Boukhriss,obv_dribble_carry_90,positive,33.93267149880009,not_recalculated_full_population_unavailable
FB,178342,Ettayb Boukhriss,obv_pass_90,positive,18.822922252595475,not_recalculated_full_population_unavailable
FB,178342,Ettayb Boukhriss,op_f3_passes_90,positive,12.19354106401748,not_recalculated_full_population_unavailable
FB,178342,Ettayb Boukhriss,box_cross_ratio,negative,-27.45258389550261,not_recalculated_full_population_unavailable
FB,178342,Ettayb Boukhriss,ball_recoveries_90,negative,-19.182789496223755,not_recalculated_full_population_unavailable
FB,178342,Ettayb Boukhriss,key_passes_90,negative,-17.15455274803903,not_recalculated_full_population_unavailable
FB,261620,Nadir Lougmani,counterpressures_90,positive,31.6311442694534,not_recalculated_full_population_unavailable
FB,261620,Nadir Lougmani,obv_pass_90,positive,21.89286538628302,not_recalculated_full_population_unavailable
FB,261620,Nadir Lougmani,obv_dribble_carry_90,positive,14.239839921627322,not_recalculated_full_population_unavailable
FB,261620,Nadir Lougmani,op_f3_passes_90,negative,-24.890594860981373,not_recalculated_full_population_unavailable
FB,261620,Nadir Lougmani,dribble_ratio,negative,-23.47861293055802,not_recalculated_full_population_unavailable
FB,261620,Nadir Lougmani,box_cross_ratio,negative,-18.42063662414078,not_recalculated_full_population_unavailable
FB,313287,Redouane Ait Lemkadem,counterpressures_90,positive,49.563178053696376,not_recalculated_full_population_unavailable
FB,313287,Redouane Ait Lemkadem,key_passes_90,positive,19.18146625668173,not_recalculated_full_population_unavailable
FB,313287,Redouane Ait Lemkadem,dribble_ratio,positive,13.088645963129911,not_recalculated_full_population_unavailable
FB,313287,Redouane Ait Lemkadem,ball_recoveries_90,negative,-40.0925454664907,not_recalculated_full_population_unavailable
FB,313287,Redouane Ait Lemkadem,obv_dribble_carry_90,negative,-24.34986542456449,not_recalculated_full_population_unavailable
FB,313287,Redouane Ait Lemkadem,op_f3_passes_90,negative,-11.306387163694922,not_recalculated_full_population_unavailable
FB,314451,Houdaifa El Mahasni,dribble_ratio,positive,25.97367133960438,not_recalculated_full_population_unavailable
FB,314451,Houdaifa El Mahasni,ball_recoveries_90,positive,25.69102956427353,not_recalculated_full_population_unavailable
FB,314451,Houdaifa El Mahasni,obv_dribble_carry_90,positive,-3.496803569753567,not_recalculated_full_population_unavailable
FB,314451,Houdaifa El Mahasni,box_cross_ratio,negative,-16.266449594719365,not_recalculated_full_population_unavailable
FB,314451,Houdaifa El Mahasni,counterpressures_90,negative,-12.192455743666612,not_recalculated_full_population_unavailable
FB,314451,Houdaifa El Mahasni,key_passes_90,negative,-10.902351853067856,not_recalculated_full_population_unavailable
FB,337496,Haytam Manaout,obv_dribble_carry_90,positive,39.1499195750866,not_recalculated_full_population_unavailable
FB,337496,Haytam Manaout,op_f3_passes_90,positive,39.1499195750866,not_recalculated_full_population_unavailable
FB,337496,Haytam Manaout,dribble_ratio,positive,28.89244946045386,not_recalculated_full_population_unavailable
FB,337496,Haytam Manaout,box_cross_ratio,negative,-52.154428251000354,not_recalculated_full_population_unavailable
FB,337496,Haytam Manaout,obv_pass_90,negative,-52.154428251000354,not_recalculated_full_population_unavailable
FB,337496,Haytam Manaout,key_passes_90,negative,-26.110963759188724,not_recalculated_full_population_unavailable
FB,339278,Chemseddine Knaidil,box_cross_ratio,positive,43.405932840252255,not_recalculated_full_population_unavailable
FB,339278,Chemseddine Knaidil,counterpressures_90,positive,21.66680240546965,not_recalculated_full_population_unavailable
FB,339278,Chemseddine Knaidil,key_passes_90,positive,6.517230636298159,not_recalculated_full_population_unavailable
FB,339278,Chemseddine Knaidil,ball_recoveries_90,negative,-33.0985403050429,not_recalculated_full_population_unavailable
FB,339278,Chemseddine Knaidil,dribble_ratio,negative,-16.782021559245443,not_recalculated_full_population_unavailable
FB,339278,Chemseddine Knaidil,obv_pass_90,negative,-12.869095785192712,not_recalculated_full_population_unavailable
FB,406864,Hamza Malki,dribble_ratio,positive,66.08492942174847,not_recalculated_full_population_unavailable
FB,406864,Hamza Malki,obv_pass_90,positive,28.760633104629093,not_recalculated_full_population_unavailable
FB,406864,Hamza Malki,ball_recoveries_90,positive,4.088526536841329,not_recalculated_full_population_unavailable
FB,406864,Hamza Malki,key_passes_90,negative,-33.91507057825153,not_recalculated_full_population_unavailable
FB,406864,Hamza Malki,obv_dribble_carry_90,negative,-29.567244491295007,not_recalculated_full_population_unavailable
FB,406864,Hamza Malki,op_f3_passes_90,negative,-25.219418404338487,not_recalculated_full_population_unavailable
FB,442100,Marouane Ouhrou,key_passes_90,positive,30.505629137244867,not_recalculated_full_population_unavailable
FB,442100,Marouane Ouhrou,obv_dribble_carry_90,positive,20.144868011298698,not_recalculated_full_population_unavailable
FB,442100,Marouane Ouhrou,op_f3_passes_90,positive,15.797041924342182,not_recalculated_full_population_unavailable
FB,442100,Marouane Ouhrou,ball_recoveries_90,negative,-33.48530571286323,not_recalculated_full_population_unavailable
FB,442100,Marouane Ouhrou,dribble_ratio,negative,-32.88841288584954,not_recalculated_full_population_unavailable
FB,442100,Marouane Ouhrou,counterpressures_90,negative,-23.333392858266517,not_recalculated_full_population_unavailable
FB,442286,Oussama Daoui,box_cross_ratio,positive,40.75638857642798,not_recalculated_full_population_unavailable
FB,442286,Oussama Daoui,dribble_ratio,positive,17.637966675701733,not_recalculated_full_population_unavailable
FB,442286,Oussama Daoui,obv_pass_90,positive,13.222846436824746,not_recalculated_full_population_unavailable
FB,442286,Oussama Daoui,obv_dribble_carry_90,negative,-39.258266752845046,not_recalculated_full_population_unavailable
FB,442286,Oussama Daoui,op_f3_passes_90,negative,-34.91044066588853,not_recalculated_full_population_unavailable
FB,442286,Oussama Daoui,ball_recoveries_90,negative,-21.682612914236756,not_recalculated_full_population_unavailable
FB,522352,Hamza Fassoukh,counterpressures_90,positive,27.4231400188418,not_recalculated_full_population_unavailable
FB,522352,Hamza Fassoukh,ball_recoveries_90,positive,24.58597086591705,not_recalculated_full_population_unavailable
FB,522352,Hamza Fassoukh,dribble_ratio,positive,23.44980822999728,not_recalculated_full_population_unavailable
FB,522352,Hamza Fassoukh,box_cross_ratio,negative,-32.48058775120924,not_recalculated_full_population_unavailable
FB,522352,Hamza Fassoukh,obv_dribble_carry_90,negative,-29.098599111592986,not_recalculated_full_population_unavailable
FB,522352,Hamza Fassoukh,op_f3_passes_90,negative,-7.359468676810373,not_recalculated_full_population_unavailable
FB,523293,Nassim Azzoubairi,counterpressures_90,positive,36.62562362555441,not_recalculated_full_population_unavailable
FB,523293,Nassim Azzoubairi,box_cross_ratio,positive,13.42764361651733,not_recalculated_full_population_unavailable
FB,523293,Nassim Azzoubairi,ball_recoveries_90,positive,11.24740606211651,not_recalculated_full_population_unavailable
FB,523293,Nassim Azzoubairi,dribble_ratio,negative,-46.53970252813322,not_recalculated_full_population_unavailable
FB,523293,Nassim Azzoubairi,obv_dribble_carry_90,negative,-19.896115504880378,not_recalculated_full_population_unavailable
FB,523293,Nassim Azzoubairi,key_passes_90,negative,-4.060635460144511,not_recalculated_full_population_unavailable
FB,523318,Younes El Khafi,ball_recoveries_90,positive,23.997095352138253,not_recalculated_full_population_unavailable
FB,523318,Younes El Khafi,dribble_ratio,positive,19.82330292859317,not_recalculated_full_population_unavailable
FB,523318,Younes El Khafi,box_cross_ratio,positive,6.983144461283466,not_recalculated_full_population_unavailable
FB,523318,Younes El Khafi,op_f3_passes_90,negative,-28.543449745985093,not_recalculated_full_population_unavailable
FB,523318,Younes El Khafi,counterpressures_90,negative,-19.847797572072054,not_recalculated_full_population_unavailable
FB,523318,Younes El Khafi,key_passes_90,negative,-3.103281880673673,not_recalculated_full_population_unavailable
GK,36951,Babacar Niasse,average_x_defensive_action,positive,18.969335701959796,not_recalculated_full_population_unavailable
GK,36951,Babacar Niasse,p_pass_length,positive,10.63600236862645,not_recalculated_full_population_unavailable
GK,36951,Babacar Niasse,obv_pass_90,positive,2.3026690352931283,not_recalculated_full_population_unavailable
GK,36951,Babacar Niasse,goals_faced_90,negative,-22.697330964706865,not_recalculated_full_population_unavailable
GK,36951,Babacar Niasse,pass_length,negative,-9.210676141172534,not_recalculated_full_population_unavailable
GK,36951,Babacar Niasse,obv_pass_90,negative,2.3026690352931283,not_recalculated_full_population_unavailable
GK,138841,Salaheddine Chihab,goals_faced_90,positive,39.98293366583205,not_recalculated_full_population_unavailable
GK,138841,Salaheddine Chihab,pass_length,positive,-1.59840132999485,not_recalculated_full_population_unavailable
GK,138841,Salaheddine Chihab,p_pass_length,positive,-1.6837330008346214,not_recalculated_full_population_unavailable
GK,138841,Salaheddine Chihab,obv_pass_90,negative,-18.35039966750129,not_recalculated_full_population_unavailable
GK,138841,Salaheddine Chihab,average_x_defensive_action,negative,-18.35039966750129,not_recalculated_full_population_unavailable
GK,138841,Salaheddine Chihab,p_pass_length,negative,-1.6837330008346214,not_recalculated_full_population_unavailable
GK,138950,Mehdi Harrar,goals_faced_90,positive,49.772253496027545,not_recalculated_full_population_unavailable
GK,138950,Mehdi Harrar,average_x_defensive_action,positive,24.77225349602752,not_recalculated_full_population_unavailable
GK,138950,Mehdi Harrar,obv_pass_90,positive,-0.2277465039724688,not_recalculated_full_population_unavailable
GK,138950,Mehdi Harrar,pass_length,negative,-40.75568065077679,not_recalculated_full_population_unavailable
GK,138950,Mehdi Harrar,p_pass_length,negative,-33.56107983730581,not_recalculated_full_population_unavailable
GK,138950,Mehdi Harrar,obv_pass_90,negative,-0.2277465039724688,not_recalculated_full_population_unavailable
GK,138972,Mahdi Benabid,obv_pass_90,positive,20.88833965849399,not_recalculated_full_population_unavailable
GK,138972,Mahdi Benabid,goals_faced_90,positive,12.555006325160662,not_recalculated_full_population_unavailable
GK,138972,Mahdi Benabid,p_pass_length,positive,4.221672991827326,not_recalculated_full_population_unavailable
GK,138972,Mahdi Benabid,average_x_defensive_action,negative,-20.77832700817268,not_recalculated_full_population_unavailable
GK,138972,Mahdi Benabid,pass_length,negative,-16.886691967309318,not_recalculated_full_population_unavailable
GK,138972,Mahdi Benabid,p_pass_length,negative,4.221672991827326,not_recalculated_full_population_unavailable
GK,139011,Ahmed Reda Tagnaouti,goals_faced_90,positive,53.333333333333336,not_recalculated_full_population_unavailable
GK,139011,Ahmed Reda Tagnaouti,p_pass_length,positive,19.999999999999996,not_recalculated_full_population_unavailable
GK,139011,Ahmed Reda Tagnaouti,obv_pass_90,positive,-21.666666666666675,not_recalculated_full_population_unavailable
GK,139011,Ahmed Reda Tagnaouti,pass_length,negative,-30.000000000000007,not_recalculated_full_population_unavailable
GK,139011,Ahmed Reda Tagnaouti,obv_pass_90,negative,-21.666666666666675,not_recalculated_full_population_unavailable
GK,139011,Ahmed Reda Tagnaouti,average_x_defensive_action,negative,-21.666666666666675,not_recalculated_full_population_unavailable
GK,139555,Aymane Majid,average_x_defensive_action,positive,40.062699474219286,not_recalculated_full_population_unavailable
GK,139555,Aymane Majid,goals_faced_90,positive,-1.603967192447385,not_recalculated_full_population_unavailable
GK,139555,Aymane Majid,obv_pass_90,positive,-9.937300525780714,not_recalculated_full_population_unavailable
GK,139555,Aymane Majid,p_pass_length,negative,-18.27063385911404,not_recalculated_full_population_unavailable
GK,139555,Aymane Majid,pass_length,negative,-10.250797896877152,not_recalculated_full_population_unavailable
GK,139555,Aymane Majid,obv_pass_90,negative,-9.937300525780714,not_recalculated_full_population_unavailable
GK,139572,Amine El Ouaad,average_x_defensive_action,positive,29.98157262293583,not_recalculated_full_population_unavailable
GK,139572,Amine El Ouaad,p_pass_length,positive,13.314905956269172,not_recalculated_full_population_unavailable
GK,139572,Amine El Ouaad,pass_length,positive,-3.2596238250766447,not_recalculated_full_population_unavailable
GK,139572,Amine El Ouaad,obv_pass_90,negative,-28.3517607103975,not_recalculated_full_population_unavailable
GK,139572,Amine El Ouaad,goals_faced_90,negative,-11.685094043730828,not_recalculated_full_population_unavailable
GK,139572,Amine El Ouaad,pass_length,negative,-3.2596238250766447,not_recalculated_full_population_unavailable
GK,317852,Abderahmane El Houasli,obv_pass_90,positive,40.20269008155599,not_recalculated_full_population_unavailable
GK,317852,Abderahmane El Houasli,pass_length,positive,39.18923967377612,not_recalculated_full_population_unavailable
GK,317852,Abderahmane El Houasli,p_pass_length,positive,-18.13064325177736,not_recalculated_full_population_unavailable
GK,317852,Abderahmane El Houasli,goals_faced_90,negative,-43.13064325177736,not_recalculated_full_population_unavailable
GK,317852,Abderahmane El Houasli,p_pass_length,negative,-18.13064325177736,not_recalculated_full_population_unavailable
GK,317852,Abderahmane El Houasli,average_x_defensive_action,negative,-18.13064325177736,not_recalculated_full_population_unavailable
GK,362445,Badreddine Abyir,obv_pass_90,positive,21.55577311936598,not_recalculated_full_population_unavailable
GK,362445,Badreddine Abyir,average_x_defensive_action,positive,13.222439786032666,not_recalculated_full_population_unavailable
GK,362445,Badreddine Abyir,p_pass_length,positive,13.222439786032666,not_recalculated_full_population_unavailable
GK,362445,Badreddine Abyir,goals_faced_90,negative,-53.44422688063402,not_recalculated_full_population_unavailable
GK,362445,Badreddine Abyir,pass_length,negative,5.443574189202721,not_recalculated_full_population_unavailable
GK,362445,Badreddine Abyir,p_pass_length,negative,13.222439786032666,not_recalculated_full_population_unavailable
GK,477675,Mohamed Idar,p_pass_length,positive,33.87769511625807,not_recalculated_full_population_unavailable
GK,477675,Mohamed Idar,pass_length,positive,14.48921953496766,not_recalculated_full_population_unavailable
GK,477675,Mohamed Idar,obv_pass_90,positive,8.877695116258067,not_recalculated_full_population_unavailable
GK,477675,Mohamed Idar,goals_faced_90,negative,-49.45563821707525,not_recalculated_full_population_unavailable
GK,477675,Mohamed Idar,average_x_defensive_action,negative,-7.78897155040859,not_recalculated_full_population_unavailable
GK,477675,Mohamed Idar,obv_pass_90,negative,8.877695116258067,not_recalculated_full_population_unavailable
GK,522350,Mohamed Jemjami,obv_pass_90,positive,23.333333333333343,not_recalculated_full_population_unavailable
GK,522350,Mohamed Jemjami,p_pass_length,positive,23.333333333333343,not_recalculated_full_population_unavailable
GK,522350,Mohamed Jemjami,pass_length,positive,23.333333333333343,not_recalculated_full_population_unavailable
GK,522350,Mohamed Jemjami,goals_faced_90,negative,-35.0,not_recalculated_full_population_unavailable
GK,522350,Mohamed Jemjami,average_x_defensive_action,negative,-34.999999999999986,not_recalculated_full_population_unavailable
GK,522350,Mohamed Jemjami,pass_length,negative,23.333333333333343,not_recalculated_full_population_unavailable
GK,523287,Ismail Sayad,average_x_defensive_action,positive,25.55134788031095,not_recalculated_full_population_unavailable
GK,523287,Ismail Sayad,pass_length,positive,6.127941812089517,not_recalculated_full_population_unavailable
GK,523287,Ismail Sayad,goals_faced_90,positive,-7.781985453022386,not_recalculated_full_population_unavailable
GK,523287,Ismail Sayad,p_pass_length,negative,-16.115318786355722,not_recalculated_full_population_unavailable
GK,523287,Ismail Sayad,goals_faced_90,negative,-7.781985453022386,not_recalculated_full_population_unavailable
GK,523287,Ismail Sayad,obv_pass_90,negative,-7.781985453022386,not_recalculated_full_population_unavailable
MID,7183,Moctar Sidi El Hacen El Ide,obv_dribble_carry_90,positive,36.92538904461525,not_recalculated_full_population_unavailable
MID,7183,Moctar Sidi El Hacen El Ide,through_balls_90,positive,28.35396047318666,not_recalculated_full_population_unavailable
MID,7183,Moctar Sidi El Hacen El Ide,ball_recoveries_90,positive,22.36071909259463,not_recalculated_full_population_unavailable
MID,7183,Moctar Sidi El Hacen El Ide,op_f3_passes_90,negative,-31.64603952681333,not_recalculated_full_population_unavailable
MID,7183,Moctar Sidi El Hacen El Ide,obv_pass_90,negative,-25.931753812527617,not_recalculated_full_population_unavailable
MID,7183,Moctar Sidi El Hacen El Ide,key_passes_90,negative,-17.360325241099044,not_recalculated_full_population_unavailable
MID,7717,Rayane Aabid,op_f3_passes_90,positive,23.260670690088475,not_recalculated_full_population_unavailable
MID,7717,Rayane Aabid,through_balls_90,positive,20.40352783294564,not_recalculated_full_population_unavailable
MID,7717,Rayane Aabid,obv_dribble_carry_90,positive,17.546384975802766,not_recalculated_full_population_unavailable
MID,7717,Rayane Aabid,counterpressures_90,negative,-26.637737075760207,not_recalculated_full_population_unavailable
MID,7717,Rayane Aabid,ball_recoveries_90,negative,-21.094187803253572,not_recalculated_full_population_unavailable
MID,7717,Rayane Aabid,obv_pass_90,negative,-16.73932930991152,not_recalculated_full_population_unavailable
MID,10689,Sabir Bougrine,op_f3_passes_90,positive,33.517317048999914,not_recalculated_full_population_unavailable
MID,10689,Sabir Bougrine,key_passes_90,positive,30.660174191857053,not_recalculated_full_population_unavailable
MID,10689,Sabir Bougrine,through_balls_90,positive,30.660174191857053,not_recalculated_full_population_unavailable
MID,10689,Sabir Bougrine,obv_dribble_carry_90,negative,-63.62554009385723,not_recalculated_full_population_unavailable
MID,10689,Sabir Bougrine,ball_recoveries_90,negative,-56.16154507454468,not_recalculated_full_population_unavailable
MID,10689,Sabir Bougrine,counterpressures_90,negative,5.7178169724022325,not_recalculated_full_population_unavailable
MID,21648,Anas Tahiri,op_f3_passes_90,positive,44.51116947479325,not_recalculated_full_population_unavailable
MID,21648,Anas Tahiri,key_passes_90,positive,35.939740903364665,not_recalculated_full_population_unavailable
MID,21648,Anas Tahiri,through_balls_90,positive,21.654026617650374,not_recalculated_full_population_unavailable
MID,21648,Anas Tahiri,counterpressures_90,negative,-46.9174019537782,not_recalculated_full_population_unavailable
MID,21648,Anas Tahiri,obv_dribble_carry_90,negative,-41.20311623949248,not_recalculated_full_population_unavailable
MID,21648,Anas Tahiri,ball_recoveries_90,negative,-32.781302563045124,not_recalculated_full_population_unavailable
MID,138860,Youssef Michte,counterpressures_90,positive,48.88153823798388,not_recalculated_full_population_unavailable
MID,138860,Youssef Michte,ball_recoveries_90,positive,7.993810290158908,not_recalculated_full_population_unavailable
MID,138860,Youssef Michte,through_balls_90,positive,0.6249302943714383,not_recalculated_full_population_unavailable
MID,138860,Youssef Michte,key_passes_90,negative,-19.37506970562856,not_recalculated_full_population_unavailable
MID,138860,Youssef Michte,op_f3_passes_90,negative,-16.517926848485704,not_recalculated_full_population_unavailable
MID,138860,Youssef Michte,obv_pass_90,negative,-10.80364113419999,not_recalculated_full_population_unavailable
MID,138872,Oussama Mahrous,obv_dribble_carry_90,positive,22.214751722493816,not_recalculated_full_population_unavailable
MID,138872,Oussama Mahrous,counterpressures_90,positive,14.622728115448652,not_recalculated_full_population_unavailable
MID,138872,Oussama Mahrous,key_passes_90,positive,5.071894579636663,not_recalculated_full_population_unavailable
MID,138872,Oussama Mahrous,through_balls_90,negative,-29.21381970607762,not_recalculated_full_population_unavailable
MID,138872,Oussama Mahrous,op_f3_passes_90,negative,-6.356676848934754,not_recalculated_full_population_unavailable
MID,138872,Oussama Mahrous,ball_recoveries_90,negative,-5.696486727917687,not_recalculated_full_population_unavailable
MID,138873,Abdelghafour Lamirat,through_balls_90,positive,26.579643913638527,not_recalculated_full_population_unavailable
MID,138873,Abdelghafour Lamirat,ball_recoveries_90,positive,6.092154793405108,not_recalculated_full_population_unavailable
MID,138873,Abdelghafour Lamirat,counterpressures_90,positive,1.009625638402312,not_recalculated_full_population_unavailable
MID,138873,Abdelghafour Lamirat,op_f3_passes_90,negative,-16.277498943504334,not_recalculated_full_population_unavailable
MID,138873,Abdelghafour Lamirat,obv_pass_90,negative,-16.277498943504334,not_recalculated_full_population_unavailable
MID,138873,Abdelghafour Lamirat,key_passes_90,negative,-1.991784657790049,not_recalculated_full_population_unavailable
MID,138983,Zine Eddine Derrag,through_balls_90,positive,25.72824233006682,not_recalculated_full_population_unavailable
MID,138983,Zine Eddine Derrag,obv_pass_90,positive,14.299670901495404,not_recalculated_full_population_unavailable
MID,138983,Zine Eddine Derrag,op_f3_passes_90,positive,14.299670901495404,not_recalculated_full_population_unavailable
MID,138983,Zine Eddine Derrag,counterpressures_90,negative,-23.779869440355636,not_recalculated_full_population_unavailable
MID,138983,Zine Eddine Derrag,obv_dribble_carry_90,negative,-17.12890052707604,not_recalculated_full_population_unavailable
MID,138983,Zine Eddine Derrag,key_passes_90,negative,-17.12890052707604,not_recalculated_full_population_unavailable
MID,139565,Larbi Naji,ball_recoveries_90,positive,53.77514537980371,not_recalculated_full_population_unavailable
MID,139565,Larbi Naji,obv_pass_90,positive,25.20371680837514,not_recalculated_full_population_unavailable
MID,139565,Larbi Naji,obv_dribble_carry_90,positive,-9.081997477339144,not_recalculated_full_population_unavailable
MID,139565,Larbi Naji,through_balls_90,negative,-23.367711763053432,not_recalculated_full_population_unavailable
MID,139565,Larbi Naji,op_f3_passes_90,negative,-17.65342604876772,not_recalculated_full_population_unavailable
MID,139565,Larbi Naji,key_passes_90,negative,-14.796283191624862,not_recalculated_full_population_unavailable
MID,140872,Mohamed Rabie Hrimat,obv_dribble_carry_90,positive,37.37323955833432,not_recalculated_full_population_unavailable
MID,140872,Mohamed Rabie Hrimat,op_f3_passes_90,positive,34.51609670119146,not_recalculated_full_population_unavailable
MID,140872,Mohamed Rabie Hrimat,obv_pass_90,positive,25.94466812976289,not_recalculated_full_population_unavailable
MID,140872,Mohamed Rabie Hrimat,counterpressures_90,negative,-44.31069215491347,not_recalculated_full_population_unavailable
MID,140872,Mohamed Rabie Hrimat,through_balls_90,negative,-39.76961758452282,not_recalculated_full_population_unavailable
MID,140872,Mohamed Rabie Hrimat,ball_recoveries_90,negative,-13.984077065329515,not_recalculated_full_population_unavailable
MID,141254,Hamza Afsal,key_passes_90,positive,27.43704833222241,not_recalculated_full_population_unavailable
MID,141254,Hamza Afsal,obv_dribble_carry_90,positive,24.579905475079563,not_recalculated_full_population_unavailable
MID,141254,Hamza Afsal,op_f3_passes_90,positive,-1.134380239206159,not_recalculated_full_population_unavailable
MID,141254,Hamza Afsal,obv_pass_90,negative,-21.134380239206152,not_recalculated_full_population_unavailable
MID,141254,Hamza Afsal,counterpressures_90,negative,-16.39518055759556,not_recalculated_full_population_unavailable
MID,141254,Hamza Afsal,ball_recoveries_90,negative,-9.361489674945055,not_recalculated_full_population_unavailable
MID,143166,Zakaria Fati,through_balls_90,positive,40.32505033693165,not_recalculated_full_population_unavailable
MID,143166,Zakaria Fati,obv_dribble_carry_90,positive,31.753621765503084,not_recalculated_full_population_unavailable
MID,143166,Zakaria Fati,key_passes_90,positive,17.467907479788806,not_recalculated_full_population_unavailable
MID,143166,Zakaria Fati,obv_pass_90,negative,-48.24637823449691,not_recalculated_full_population_unavailable
MID,143166,Zakaria Fati,ball_recoveries_90,negative,-27.24431781578464,not_recalculated_full_population_unavailable
MID,143166,Zakaria Fati,counterpressures_90,negative,-22.95236244030221,not_recalculated_full_population_unavailable
MID,144436,Anas Serrhat,obv_dribble_carry_90,positive,25.72799366409184,not_recalculated_full_population_unavailable
MID,144436,Anas Serrhat,obv_pass_90,positive,8.585136521234702,not_recalculated_full_population_unavailable
MID,144436,Anas Serrhat,through_balls_90,positive,5.727993664091855,not_recalculated_full_population_unavailable
MID,144436,Anas Serrhat,counterpressures_90,negative,-27.826069385270245,not_recalculated_full_population_unavailable
MID,144436,Anas Serrhat,key_passes_90,negative,-5.70057776447959,not_recalculated_full_population_unavailable
MID,144436,Anas Serrhat,ball_recoveries_90,negative,-3.671041792331792,not_recalculated_full_population_unavailable
MID,151743,Mohamed Al Makahasi,obv_pass_90,positive,32.270294557167496,not_recalculated_full_population_unavailable
MID,151743,Mohamed Al Makahasi,op_f3_passes_90,positive,26.556008842881788,not_recalculated_full_population_unavailable
MID,151743,Mohamed Al Makahasi,obv_dribble_carry_90,positive,-2.0154197285467816,not_recalculated_full_population_unavailable
MID,151743,Mohamed Al Makahasi,ball_recoveries_90,negative,-34.20275304742539,not_recalculated_full_population_unavailable
MID,151743,Mohamed Al Makahasi,counterpressures_90,negative,-15.72014830984066,not_recalculated_full_population_unavailable
MID,151743,Mohamed Al Makahasi,through_balls_90,negative,-4.872562585689643,not_recalculated_full_population_unavailable
MID,194912,Faouzi Abd El Mouttalib,op_f3_passes_90,positive,21.20429951484249,not_recalculated_full_population_unavailable
MID,194912,Faouzi Abd El Mouttalib,ball_recoveries_90,positive,20.028569834839278,not_recalculated_full_population_unavailable
MID,194912,Faouzi Abd El Mouttalib,counterpressures_90,positive,13.9499325909483,not_recalculated_full_population_unavailable
MID,194912,Faouzi Abd El Mouttalib,key_passes_90,negative,-21.652843342300365,not_recalculated_full_population_unavailable
MID,194912,Faouzi Abd El Mouttalib,obv_dribble_carry_90,negative,-15.938557628014651,not_recalculated_full_population_unavailable
MID,194912,Faouzi Abd El Mouttalib,through_balls_90,negative,-10.224271913728938,not_recalculated_full_population_unavailable
MID,312413,Soulaimane El Bouchqali,key_passes_90,positive,38.46037950531917,not_recalculated_full_population_unavailable
MID,312413,Soulaimane El Bouchqali,op_f3_passes_90,positive,27.03180807674775,not_recalculated_full_population_unavailable
MID,312413,Soulaimane El Bouchqali,key_passes_90,positive,24.17466521960489,not_recalculated_full_population_unavailable
MID,312413,Soulaimane El Bouchqali,ball_recoveries_90,negative,-55.82533478039511,not_recalculated_full_population_unavailable
MID,312413,Soulaimane El Bouchqali,obv_pass_90,negative,-52.968191923252256,not_recalculated_full_population_unavailable
MID,312413,Soulaimane El Bouchqali,through_balls_90,negative,-32.96819192325225,not_recalculated_full_population_unavailable
MID,313284,Achraf Harmach,key_passes_90,positive,23.175650372850622,not_recalculated_full_population_unavailable
MID,313284,Achraf Harmach,through_balls_90,positive,20.31850751570775,not_recalculated_full_population_unavailable
MID,313284,Achraf Harmach,obv_pass_90,positive,14.604221801422042,not_recalculated_full_population_unavailable
MID,313284,Achraf Harmach,ball_recoveries_90,negative,-36.825088181325214,not_recalculated_full_population_unavailable
MID,313284,Achraf Harmach,obv_dribble_carry_90,negative,-36.82434962714939,not_recalculated_full_population_unavailable
MID,313284,Achraf Harmach,counterpressures_90,negative,6.661122031357863,not_recalculated_full_population_unavailable
MID,407207,Ennaama El Bellali,counterpressures_90,positive,18.49659950028653,not_recalculated_full_population_unavailable
MID,407207,Ennaama El Bellali,obv_pass_90,positive,1.7680457208992737,not_recalculated_full_population_unavailable
MID,407207,Ennaama El Bellali,obv_dribble_carry_90,positive,1.7680457208992737,not_recalculated_full_population_unavailable
MID,407207,Ennaama El Bellali,op_f3_passes_90,negative,-9.660525707672154,not_recalculated_full_population_unavailable
MID,407207,Ennaama El Bellali,through_balls_90,negative,-9.660525707672154,not_recalculated_full_population_unavailable
MID,407207,Ennaama El Bellali,key_passes_90,negative,-3.946239993386442,not_recalculated_full_population_unavailable
MID,407506,Oussama Nourdine,counterpressures_90,positive,48.545522122551695,not_recalculated_full_population_unavailable
MID,407506,Oussama Nourdine,ball_recoveries_90,positive,12.192179690534807,not_recalculated_full_population_unavailable
MID,407506,Oussama Nourdine,obv_dribble_carry_90,positive,7.852459637382701,not_recalculated_full_population_unavailable
MID,407506,Oussama Nourdine,key_passes_90,negative,-29.29039750547445,not_recalculated_full_population_unavailable
MID,407506,Oussama Nourdine,obv_pass_90,negative,-17.86182607690302,not_recalculated_full_population_unavailable
MID,407506,Oussama Nourdine,through_balls_90,negative,-15.004683219760164,not_recalculated_full_population_unavailable
MID,407852,Abdessamad Mahir,ball_recoveries_90,positive,29.483961386158107,not_recalculated_full_population_unavailable
MID,407852,Abdessamad Mahir,obv_pass_90,positive,25.903382350268053,not_recalculated_full_population_unavailable
MID,407852,Abdessamad Mahir,obv_dribble_carry_90,positive,11.617668064553747,not_recalculated_full_population_unavailable
MID,407852,Abdessamad Mahir,key_passes_90,negative,-36.953760506874815,not_recalculated_full_population_unavailable
MID,407852,Abdessamad Mahir,op_f3_passes_90,negative,-31.2394747925891,not_recalculated_full_population_unavailable
MID,407852,Abdessamad Mahir,through_balls_90,negative,-5.525189078303377,not_recalculated_full_population_unavailable
MID,415853,Claude Gnolou,ball_recoveries_90,positive,25.04392549507081,not_recalculated_full_population_unavailable
MID,415853,Claude Gnolou,counterpressures_90,positive,21.30100857111033,not_recalculated_full_population_unavailable
MID,415853,Claude Gnolou,obv_pass_90,positive,10.159584615335206,not_recalculated_full_population_unavailable
MID,415853,Claude Gnolou,through_balls_90,negative,-24.12612967037908,not_recalculated_full_population_unavailable
MID,415853,Claude Gnolou,op_f3_passes_90,negative,-21.26898681323622,not_recalculated_full_population_unavailable
MID,415853,Claude Gnolou,key_passes_90,negative,-12.697558241807648,not_recalculated_full_population_unavailable
MID,416303,El Mahdi Akoumi,counterpressures_90,positive,52.021850774957976,not_recalculated_full_population_unavailable
MID,416303,El Mahdi Akoumi,ball_recoveries_90,positive,16.440323921680722,not_recalculated_full_population_unavailable
MID,416303,El Mahdi Akoumi,obv_pass_90,positive,-2.263863510756302,not_recalculated_full_population_unavailable
MID,416303,El Mahdi Akoumi,obv_dribble_carry_90,negative,-25.121006367899167,not_recalculated_full_population_unavailable
MID,416303,El Mahdi Akoumi,through_balls_90,negative,-25.121006367899167,not_recalculated_full_population_unavailable
MID,416303,El Mahdi Akoumi,key_passes_90,negative,-10.835292082184878,not_recalculated_full_population_unavailable
MID,424979,Soufiane Tazi,counterpressures_90,positive,20.348579413948,not_recalculated_full_population_unavailable
MID,424979,Soufiane Tazi,key_passes_90,positive,20.257826040376784,not_recalculated_full_population_unavailable
MID,424979,Soufiane Tazi,op_f3_passes_90,positive,11.686397468948217,not_recalculated_full_population_unavailable
MID,424979,Soufiane Tazi,ball_recoveries_90,negative,-30.20913818726045,not_recalculated_full_population_unavailable
MID,424979,Soufiane Tazi,obv_dribble_carry_90,negative,-16.88503110248036,not_recalculated_full_population_unavailable
MID,424979,Soufiane Tazi,obv_pass_90,negative,-8.313602531051785,not_recalculated_full_population_unavailable
MID,442288,Adnane Berdad,through_balls_90,positive,14.266504920403918,not_recalculated_full_population_unavailable
MID,442288,Adnane Berdad,ball_recoveries_90,positive,7.063869616374454,not_recalculated_full_population_unavailable
MID,442288,Adnane Berdad,obv_dribble_carry_90,positive,2.8379334918324943,not_recalculated_full_population_unavailable
MID,442288,Adnane Berdad,op_f3_passes_90,negative,-20.019209365310363,not_recalculated_full_population_unavailable
MID,442288,Adnane Berdad,obv_pass_90,negative,-8.590637936738936,not_recalculated_full_population_unavailable
MID,442288,Adnane Berdad,counterpressures_90,negative,1.6036057816059142,not_recalculated_full_population_unavailable
MID,442292,Abdellatif El Bajjani,ball_recoveries_90,positive,15.506836822999311,not_recalculated_full_population_unavailable
MID,442292,Abdellatif El Bajjani,obv_dribble_carry_90,positive,9.391536386569662,not_recalculated_full_population_unavailable
MID,442292,Abdellatif El Bajjani,counterpressures_90,positive,8.964052672723824,not_recalculated_full_population_unavailable
MID,442292,Abdellatif El Bajjani,key_passes_90,negative,-24.894177899144623,not_recalculated_full_population_unavailable
MID,442292,Abdellatif El Bajjani,op_f3_passes_90,negative,-10.608463613430338,not_recalculated_full_population_unavailable
MID,442292,Abdellatif El Bajjani,obv_pass_90,negative,-2.037035042001776,not_recalculated_full_population_unavailable
MID,443951,Youness Akharraz,obv_pass_90,positive,60.903084713157824,not_recalculated_full_population_unavailable
MID,443951,Youness Akharraz,ball_recoveries_90,positive,6.972676810962646,not_recalculated_full_population_unavailable
MID,443951,Youness Akharraz,key_passes_90,positive,-4.811201001127909,not_recalculated_full_population_unavailable
MID,443951,Youness Akharraz,op_f3_passes_90,negative,-21.95405814398505,not_recalculated_full_population_unavailable
MID,443951,Youness Akharraz,counterpressures_90,negative,-17.202386091037432,not_recalculated_full_population_unavailable
MID,443951,Youness Akharraz,obv_dribble_carry_90,negative,-16.239772429699336,not_recalculated_full_population_unavailable
MID,446355,Ishak Zidani,counterpressures_90,positive,35.53390176774139,not_recalculated_full_population_unavailable
MID,446355,Ishak Zidani,key_passes_90,positive,7.806592191755428,not_recalculated_full_population_unavailable
MID,446355,Ishak Zidani,op_f3_passes_90,positive,4.949449334612574,not_recalculated_full_population_unavailable
MID,446355,Ishak Zidani,obv_dribble_carry_90,negative,-23.621979236816,not_recalculated_full_population_unavailable
MID,446355,Ishak Zidani,through_balls_90,negative,-20.764836379673135,not_recalculated_full_population_unavailable
MID,446355,Ishak Zidani,ball_recoveries_90,negative,-8.852577012232835,not_recalculated_full_population_unavailable
MID,450709,Joseph Bakasu       ,through_balls_90,positive,30.62640161740461,not_recalculated_full_population_unavailable
MID,450709,Joseph Bakasu       ,counterpressures_90,positive,12.614736089090584,not_recalculated_full_population_unavailable
MID,450709,Joseph Bakasu       ,key_passes_90,positive,10.626401617404625,not_recalculated_full_population_unavailable
MID,450709,Joseph Bakasu       ,obv_dribble_carry_90,negative,-26.51645552545253,not_recalculated_full_population_unavailable
MID,450709,Joseph Bakasu       ,op_f3_passes_90,negative,-20.802169811166813,not_recalculated_full_population_unavailable
MID,450709,Joseph Bakasu       ,obv_pass_90,negative,-3.659312668309671,not_recalculated_full_population_unavailable
MID,477679,Redouane Oubidar,ball_recoveries_90,positive,28.82299741288203,not_recalculated_full_population_unavailable
MID,477679,Redouane Oubidar,counterpressures_90,positive,11.736173870160265,not_recalculated_full_population_unavailable
MID,477679,Redouane Oubidar,op_f3_passes_90,positive,2.7453086005343934,not_recalculated_full_population_unavailable
MID,477679,Redouane Oubidar,obv_pass_90,negative,-11.540405685179897,not_recalculated_full_population_unavailable
MID,477679,Redouane Oubidar,key_passes_90,negative,-11.540405685179897,not_recalculated_full_population_unavailable
MID,477679,Redouane Oubidar,through_balls_90,negative,-11.540405685179897,not_recalculated_full_population_unavailable
MID,477680,Hamza Saoud,obv_pass_90,positive,36.21236374027491,not_recalculated_full_population_unavailable
MID,477680,Hamza Saoud,obv_dribble_carry_90,positive,33.35522088313205,not_recalculated_full_population_unavailable
MID,477680,Hamza Saoud,key_passes_90,positive,7.64093516884634,not_recalculated_full_population_unavailable
MID,477680,Hamza Saoud,through_balls_90,negative,-38.07335054543937,not_recalculated_full_population_unavailable
MID,477680,Hamza Saoud,counterpressures_90,negative,-26.41987312485232,not_recalculated_full_population_unavailable
MID,477680,Hamza Saoud,ball_recoveries_90,negative,-11.78480271937935,not_recalculated_full_population_unavailable
MID,477682,Ayoub Benaadi,obv_pass_90,positive,23.08426818523,not_recalculated_full_population_unavailable
MID,477682,Ayoub Benaadi,key_passes_90,positive,23.08426818523,not_recalculated_full_population_unavailable
MID,477682,Ayoub Benaadi,through_balls_90,positive,23.08426818523,not_recalculated_full_population_unavailable
MID,477682,Ayoub Benaadi,ball_recoveries_90,negative,-46.15475351854919,not_recalculated_full_population_unavailable
MID,477682,Ayoub Benaadi,counterpressures_90,negative,-34.98087312188652,not_recalculated_full_population_unavailable
MID,477682,Ayoub Benaadi,obv_dribble_carry_90,negative,3.084268185230002,not_recalculated_full_population_unavailable
MID,523308,Adil Khalloufi,obv_dribble_carry_90,positive,16.98877664047002,not_recalculated_full_population_unavailable
MID,523308,Adil Khalloufi,ball_recoveries_90,positive,5.700731219574038,not_recalculated_full_population_unavailable
MID,523308,Adil Khalloufi,through_balls_90,positive,5.560205211898577,not_recalculated_full_population_unavailable
MID,523308,Adil Khalloufi,counterpressures_90,negative,-16.358900136209797,not_recalculated_full_population_unavailable
MID,523308,Adil Khalloufi,op_f3_passes_90,negative,-8.725509073815715,not_recalculated_full_population_unavailable
MID,523308,Adil Khalloufi,obv_pass_90,negative,-5.868366216672854,not_recalculated_full_population_unavailable
MID,523973,Hamza Rafa,ball_recoveries_90,positive,26.893226564006863,not_recalculated_full_population_unavailable
MID,523973,Hamza Rafa,counterpressures_90,positive,23.102723274307884,not_recalculated_full_population_unavailable
MID,523973,Hamza Rafa,obv_dribble_carry_90,positive,2.000810032337043,not_recalculated_full_population_unavailable
MID,523973,Hamza Rafa,key_passes_90,negative,-20.85633282480581,not_recalculated_full_population_unavailable
MID,523973,Hamza Rafa,op_f3_passes_90,negative,-15.142047110520098,not_recalculated_full_population_unavailable
MID,523973,Hamza Rafa,obv_pass_90,negative,-12.284904253377242,not_recalculated_full_population_unavailable
MID,523996,Fred Duval Ngoma,obv_dribble_carry_90,positive,28.23584242599489,not_recalculated_full_population_unavailable
MID,523996,Fred Duval Ngoma,through_balls_90,positive,11.092985283137736,not_recalculated_full_population_unavailable
MID,523996,Fred Duval Ngoma,ball_recoveries_90,positive,9.669408170759432,not_recalculated_full_population_unavailable
MID,523996,Fred Duval Ngoma,obv_pass_90,negative,-31.76415757400512,not_recalculated_full_population_unavailable
MID,523996,Fred Duval Ngoma,counterpressures_90,negative,-19.4200488721624,not_recalculated_full_population_unavailable
MID,523996,Fred Duval Ngoma,key_passes_90,negative,-0.3355861454336946,not_recalculated_full_population_unavailable
WINGER,3302,Nordin Amrabat,key_passes_90,positive,33.26696651312717,not_recalculated_full_population_unavailable
WINGER,3302,Nordin Amrabat,dribble_ratio,positive,29.266966513127173,not_recalculated_full_population_unavailable
WINGER,3302,Nordin Amrabat,crossing_ratio,positive,15.266966513127173,not_recalculated_full_population_unavailable
WINGER,3302,Nordin Amrabat,np_shots_90,negative,-46.73303348687283,not_recalculated_full_population_unavailable
WINGER,3302,Nordin Amrabat,np_xg_90,negative,-46.73303348687283,not_recalculated_full_population_unavailable
WINGER,3302,Nordin Amrabat,obv_dribble_carry_90,negative,5.2770476837308,not_recalculated_full_population_unavailable
WINGER,7550,Mounir Chouiar,crossing_ratio,positive,24.26779330957192,not_recalculated_full_population_unavailable
WINGER,7550,Mounir Chouiar,dribble_ratio,positive,12.26779330957192,not_recalculated_full_population_unavailable
WINGER,7550,Mounir Chouiar,key_passes_90,positive,8.267793309571921,not_recalculated_full_population_unavailable
WINGER,7550,Mounir Chouiar,obv_pass_90,negative,-38.80644966204597,not_recalculated_full_population_unavailable
WINGER,7550,Mounir Chouiar,np_xg_90,negative,-7.732206690428072,not_recalculated_full_population_unavailable
WINGER,7550,Mounir Chouiar,obv_dribble_carry_90,negative,-2.5325168858136564,not_recalculated_full_population_unavailable
WINGER,16208,Arthur Kevin Yamga,crossing_ratio,positive,65.9723698136122,not_recalculated_full_population_unavailable
WINGER,16208,Arthur Kevin Yamga,obv_pass_90,positive,15.302881240639955,not_recalculated_full_population_unavailable
WINGER,16208,Arthur Kevin Yamga,dribble_ratio,positive,-6.027630186387796,not_recalculated_full_population_unavailable
WINGER,16208,Arthur Kevin Yamga,obv_dribble_carry_90,negative,-25.16473030870098,not_recalculated_full_population_unavailable
WINGER,16208,Arthur Kevin Yamga,np_shots_90,negative,-22.0276301863878,not_recalculated_full_population_unavailable
WINGER,16208,Arthur Kevin Yamga,key_passes_90,negative,-18.0276301863878,not_recalculated_full_population_unavailable
WINGER,34952,Soufyan Ahannach,key_passes_90,positive,30.493051655546928,not_recalculated_full_population_unavailable
WINGER,34952,Soufyan Ahannach,np_shots_90,positive,6.493051655546928,not_recalculated_full_population_unavailable
WINGER,34952,Soufyan Ahannach,dribble_ratio,positive,6.493051655546928,not_recalculated_full_population_unavailable
WINGER,34952,Soufyan Ahannach,np_xg_90,negative,-29.506948344453072,not_recalculated_full_population_unavailable
WINGER,34952,Soufyan Ahannach,obv_dribble_carry_90,negative,-13.15493304186348,not_recalculated_full_population_unavailable
WINGER,34952,Soufyan Ahannach,crossing_ratio,negative,-1.5069483444530718,not_recalculated_full_population_unavailable
WINGER,132614,Walid Nassi Ouled Bentle,crossing_ratio,positive,45.25747555308125,not_recalculated_full_population_unavailable
WINGER,132614,Walid Nassi Ouled Bentle,obv_dribble_carry_90,positive,26.088264670010403,not_recalculated_full_population_unavailable
WINGER,132614,Walid Nassi Ouled Bentle,key_passes_90,positive,13.25747555308125,not_recalculated_full_population_unavailable
WINGER,132614,Walid Nassi Ouled Bentle,np_shots_90,negative,-42.74252444691875,not_recalculated_full_population_unavailable
WINGER,132614,Walid Nassi Ouled Bentle,obv_pass_90,negative,-20.375642435416665,not_recalculated_full_population_unavailable
WINGER,132614,Walid Nassi Ouled Bentle,np_xg_90,negative,-14.74252444691875,not_recalculated_full_population_unavailable
WINGER,134249,Adam Ennaffati,dribble_ratio,positive,42.30130511933214,not_recalculated_full_population_unavailable
WINGER,134249,Adam Ennaffati,key_passes_90,positive,38.30130511933214,not_recalculated_full_population_unavailable
WINGER,134249,Adam Ennaffati,np_shots_90,positive,10.301305119332142,not_recalculated_full_population_unavailable
WINGER,134249,Adam Ennaffati,crossing_ratio,negative,-33.69869488066786,not_recalculated_full_population_unavailable
WINGER,134249,Adam Ennaffati,np_xg_90,negative,-25.69869488066785,not_recalculated_full_population_unavailable
WINGER,134249,Adam Ennaffati,obv_dribble_carry_90,negative,-19.65390426150645,not_recalculated_full_population_unavailable
WINGER,138895,Abdelfattah Hadraf,dribble_ratio,positive,40.96550007132623,not_recalculated_full_population_unavailable
WINGER,138895,Abdelfattah Hadraf,crossing_ratio,positive,24.965500071326236,not_recalculated_full_population_unavailable
WINGER,138895,Abdelfattah Hadraf,key_passes_90,positive,16.965500071326233,not_recalculated_full_population_unavailable
WINGER,138895,Abdelfattah Hadraf,np_xg_90,negative,-23.034499928673767,not_recalculated_full_population_unavailable
WINGER,138895,Abdelfattah Hadraf,obv_pass_90,negative,-21.064977886757767,not_recalculated_full_population_unavailable
WINGER,138895,Abdelfattah Hadraf,obv_dribble_carry_90,negative,-19.76252246987337,not_recalculated_full_population_unavailable
WINGER,139001,Youssef Anouar,dribble_ratio,positive,29.810788914998355,not_recalculated_full_population_unavailable
WINGER,139001,Youssef Anouar,key_passes_90,positive,21.810788914998355,not_recalculated_full_population_unavailable
WINGER,139001,Youssef Anouar,obv_pass_90,positive,18.25017445036036,not_recalculated_full_population_unavailable
WINGER,139001,Youssef Anouar,np_xg_90,negative,-46.189211085001645,not_recalculated_full_population_unavailable
WINGER,139001,Youssef Anouar,crossing_ratio,negative,-14.189211085001643,not_recalculated_full_population_unavailable
WINGER,139001,Youssef Anouar,np_shots_90,negative,-14.189211085001643,not_recalculated_full_population_unavailable
WINGER,139008,Amine Souane,np_shots_90,positive,37.36830745135668,not_recalculated_full_population_unavailable
WINGER,139008,Amine Souane,np_xg_90,positive,29.36830745135668,not_recalculated_full_population_unavailable
WINGER,139008,Amine Souane,dribble_ratio,positive,13.368307451356678,not_recalculated_full_population_unavailable
WINGER,139008,Amine Souane,obv_dribble_carry_90,negative,-50.63169254864332,not_recalculated_full_population_unavailable
WINGER,139008,Amine Souane,key_passes_90,negative,-34.63169254864332,not_recalculated_full_population_unavailable
WINGER,139008,Amine Souane,obv_pass_90,negative,-4.209844708140082,not_recalculated_full_population_unavailable
WINGER,139017,Salah-eddine Benyachou,np_shots_90,positive,41.56249426533781,not_recalculated_full_population_unavailable
WINGER,139017,Salah-eddine Benyachou,np_xg_90,positive,37.56249426533781,not_recalculated_full_population_unavailable
WINGER,139017,Salah-eddine Benyachou,crossing_ratio,positive,-6.437505734662189,not_recalculated_full_population_unavailable
WINGER,139017,Salah-eddine Benyachou,dribble_ratio,negative,-24.43750573466219,not_recalculated_full_population_unavailable
WINGER,139017,Salah-eddine Benyachou,obv_dribble_carry_90,negative,-19.093319629871186,not_recalculated_full_population_unavailable
WINGER,139017,Salah-eddine Benyachou,obv_pass_90,negative,-18.719151696817868,not_recalculated_full_population_unavailable
WINGER,139568,Youssef Zghoudi,np_xg_90,positive,38.82966788722259,not_recalculated_full_population_unavailable
WINGER,139568,Youssef Zghoudi,obv_pass_90,positive,29.779633841238077,not_recalculated_full_population_unavailable
WINGER,139568,Youssef Zghoudi,key_passes_90,positive,2.829667887222591,not_recalculated_full_population_unavailable
WINGER,139568,Youssef Zghoudi,dribble_ratio,negative,-29.17033211277741,not_recalculated_full_population_unavailable
WINGER,139568,Youssef Zghoudi,crossing_ratio,negative,-21.17033211277741,not_recalculated_full_population_unavailable
WINGER,139568,Youssef Zghoudi,np_shots_90,negative,-13.170332112777407,not_recalculated_full_population_unavailable
WINGER,140874,Reda Slim,key_passes_90,positive,29.43874043352652,not_recalculated_full_population_unavailable
WINGER,140874,Reda Slim,obv_pass_90,positive,29.43874043352652,not_recalculated_full_population_unavailable
WINGER,140874,Reda Slim,crossing_ratio,positive,5.438740433526519,not_recalculated_full_population_unavailable
WINGER,140874,Reda Slim,dribble_ratio,negative,-34.56125956647348,not_recalculated_full_population_unavailable
WINGER,140874,Reda Slim,np_shots_90,negative,-34.56125956647348,not_recalculated_full_population_unavailable
WINGER,140874,Reda Slim,obv_dribble_carry_90,negative,-0.6324426011590987,not_recalculated_full_population_unavailable
WINGER,143490,Ahmed Hammoudan,obv_dribble_carry_90,positive,43.27396110136335,not_recalculated_full_population_unavailable
WINGER,143490,Ahmed Hammoudan,crossing_ratio,positive,6.533845342096214,not_recalculated_full_population_unavailable
WINGER,143490,Ahmed Hammoudan,dribble_ratio,positive,-1.4661546579037932,not_recalculated_full_population_unavailable
WINGER,143490,Ahmed Hammoudan,obv_pass_90,negative,-35.94318781184444,not_recalculated_full_population_unavailable
WINGER,143490,Ahmed Hammoudan,key_passes_90,negative,-9.466154657903791,not_recalculated_full_population_unavailable
WINGER,143490,Ahmed Hammoudan,np_xg_90,negative,-1.4661546579037932,not_recalculated_full_population_unavailable
WINGER,179311,Imad Riahi,key_passes_90,positive,28.856140900006068,not_recalculated_full_population_unavailable
WINGER,179311,Imad Riahi,dribble_ratio,positive,24.856140900006068,not_recalculated_full_population_unavailable
WINGER,179311,Imad Riahi,obv_pass_90,positive,20.392314320891728,not_recalculated_full_population_unavailable
WINGER,179311,Imad Riahi,np_shots_90,negative,-35.14385909999393,not_recalculated_full_population_unavailable
WINGER,179311,Imad Riahi,np_xg_90,negative,-35.14385909999393,not_recalculated_full_population_unavailable
WINGER,179311,Imad Riahi,crossing_ratio,negative,-3.143859099993932,not_recalculated_full_population_unavailable
WINGER,199611,Youssef Mehri,np_xg_90,positive,58.33652932042425,not_recalculated_full_population_unavailable
WINGER,199611,Youssef Mehri,np_shots_90,positive,38.33652932042425,not_recalculated_full_population_unavailable
WINGER,199611,Youssef Mehri,obv_pass_90,positive,-6.019175922545468,not_recalculated_full_population_unavailable
WINGER,199611,Youssef Mehri,obv_dribble_carry_90,negative,-37.66347067957575,not_recalculated_full_population_unavailable
WINGER,199611,Youssef Mehri,key_passes_90,negative,-33.66347067957575,not_recalculated_full_population_unavailable
WINGER,199611,Youssef Mehri,crossing_ratio,negative,-11.663470679575752,not_recalculated_full_population_unavailable
WINGER,275341,Yazid Faffa,obv_dribble_carry_90,positive,65.11973691231728,not_recalculated_full_population_unavailable
WINGER,275341,Yazid Faffa,np_shots_90,positive,17.119736912317286,not_recalculated_full_population_unavailable
WINGER,275341,Yazid Faffa,np_xg_90,positive,9.119736912317286,not_recalculated_full_population_unavailable
WINGER,275341,Yazid Faffa,crossing_ratio,negative,-30.880263087682717,not_recalculated_full_population_unavailable
WINGER,275341,Yazid Faffa,obv_pass_90,negative,-30.71842147390369,not_recalculated_full_population_unavailable
WINGER,275341,Yazid Faffa,dribble_ratio,negative,-18.880263087682717,not_recalculated_full_population_unavailable
WINGER,312935,Amine Azri,obv_dribble_carry_90,positive,34.06521640546288,not_recalculated_full_population_unavailable
WINGER,312935,Amine Azri,np_shots_90,positive,34.06521640546288,not_recalculated_full_population_unavailable
WINGER,312935,Amine Azri,np_xg_90,positive,18.06521640546288,not_recalculated_full_population_unavailable
WINGER,312935,Amine Azri,dribble_ratio,negative,-53.93478359453712,not_recalculated_full_population_unavailable
WINGER,312935,Amine Azri,crossing_ratio,negative,-33.93478359453712,not_recalculated_full_population_unavailable
WINGER,312935,Amine Azri,key_passes_90,negative,-1.934783594537123,not_recalculated_full_population_unavailable
WINGER,358748,Abdellah Ait Brahim,obv_pass_90,positive,31.87080767374032,not_recalculated_full_population_unavailable
WINGER,358748,Abdellah Ait Brahim,key_passes_90,positive,24.11276542723099,not_recalculated_full_population_unavailable
WINGER,358748,Abdellah Ait Brahim,np_shots_90,positive,0.1127654272309932,not_recalculated_full_population_unavailable
WINGER,358748,Abdellah Ait Brahim,np_xg_90,negative,-23.88723457276901,not_recalculated_full_population_unavailable
WINGER,358748,Abdellah Ait Brahim,obv_dribble_carry_90,negative,-16.43463480989527,not_recalculated_full_population_unavailable
WINGER,358748,Abdellah Ait Brahim,crossing_ratio,negative,-11.88723457276901,not_recalculated_full_population_unavailable
WINGER,381935,Ismail Mihrab,obv_dribble_carry_90,positive,30.15830689278998,not_recalculated_full_population_unavailable
WINGER,381935,Ismail Mihrab,np_xg_90,positive,28.45118477049226,not_recalculated_full_population_unavailable
WINGER,381935,Ismail Mihrab,dribble_ratio,positive,12.451184770492262,not_recalculated_full_population_unavailable
WINGER,381935,Ismail Mihrab,crossing_ratio,negative,-51.54881522950774,not_recalculated_full_population_unavailable
WINGER,381935,Ismail Mihrab,obv_pass_90,negative,-20.41423074525129,not_recalculated_full_population_unavailable
WINGER,381935,Ismail Mihrab,key_passes_90,negative,-11.548815229507738,not_recalculated_full_population_unavailable
WINGER,409131,Abdellatif Benkassou,np_shots_90,positive,43.50295537600978,not_recalculated_full_population_unavailable
WINGER,409131,Abdellatif Benkassou,np_xg_90,positive,23.50295537600978,not_recalculated_full_population_unavailable
WINGER,409131,Abdellatif Benkassou,dribble_ratio,positive,11.50295537600978,not_recalculated_full_population_unavailable
WINGER,409131,Abdellatif Benkassou,obv_pass_90,negative,-36.49704462399022,not_recalculated_full_population_unavailable
WINGER,409131,Abdellatif Benkassou,key_passes_90,negative,-24.49704462399022,not_recalculated_full_population_unavailable
WINGER,409131,Abdellatif Benkassou,crossing_ratio,negative,-10.49704462399022,not_recalculated_full_population_unavailable
WINGER,435547,Abdallah Ziani,np_xg_90,positive,48.39646927481743,not_recalculated_full_population_unavailable
WINGER,435547,Abdallah Ziani,np_shots_90,positive,40.39646927481743,not_recalculated_full_population_unavailable
WINGER,435547,Abdallah Ziani,obv_dribble_carry_90,positive,21.596620269586545,not_recalculated_full_population_unavailable
WINGER,435547,Abdallah Ziani,dribble_ratio,negative,-43.60353072518257,not_recalculated_full_population_unavailable
WINGER,435547,Abdallah Ziani,key_passes_90,negative,-31.603530725182573,not_recalculated_full_population_unavailable
WINGER,435547,Abdallah Ziani,obv_pass_90,negative,-23.57896664367364,not_recalculated_full_population_unavailable
WINGER,449373,Marouane Oujeddou,dribble_ratio,positive,32.026719233625194,not_recalculated_full_population_unavailable
WINGER,449373,Marouane Oujeddou,np_shots_90,positive,8.026719233625201,not_recalculated_full_population_unavailable
WINGER,449373,Marouane Oujeddou,key_passes_90,positive,8.026719233625201,not_recalculated_full_population_unavailable
WINGER,449373,Marouane Oujeddou,obv_pass_90,negative,-30.49214168814852,not_recalculated_full_population_unavailable
WINGER,449373,Marouane Oujeddou,crossing_ratio,negative,-11.973280766374806,not_recalculated_full_population_unavailable
WINGER,449373,Marouane Oujeddou,obv_dribble_carry_90,negative,-9.641454479977384,not_recalculated_full_population_unavailable
WINGER,460266,Youness Dahmani,np_shots_90,positive,23.5017850629846,not_recalculated_full_population_unavailable
WINGER,460266,Youness Dahmani,crossing_ratio,positive,19.5017850629846,not_recalculated_full_population_unavailable
WINGER,460266,Youness Dahmani,dribble_ratio,positive,7.501785062984602,not_recalculated_full_population_unavailable
WINGER,460266,Youness Dahmani,key_passes_90,negative,-32.49821493701539,not_recalculated_full_population_unavailable
WINGER,460266,Youness Dahmani,obv_pass_90,negative,-23.030686652123364,not_recalculated_full_population_unavailable
WINGER,460266,Youness Dahmani,obv_dribble_carry_90,negative,-2.47823866279964,not_recalculated_full_population_unavailable
WINGER,477555,Adam Brika,crossing_ratio,positive,24.542918920548992,not_recalculated_full_population_unavailable
WINGER,477555,Adam Brika,np_xg_90,positive,18.542918920548992,not_recalculated_full_population_unavailable
WINGER,477555,Adam Brika,dribble_ratio,positive,2.542918920548992,not_recalculated_full_population_unavailable
WINGER,477555,Adam Brika,np_shots_90,negative,-21.457081079451008,not_recalculated_full_population_unavailable
WINGER,477555,Adam Brika,key_passes_90,negative,-13.457081079451008,not_recalculated_full_population_unavailable
WINGER,477555,Adam Brika,obv_dribble_carry_90,negative,-11.694265535985105,not_recalculated_full_population_unavailable
WINGER,523312,Brahim Mansouri,crossing_ratio,positive,48.39167464562983,not_recalculated_full_population_unavailable
WINGER,523312,Brahim Mansouri,key_passes_90,positive,12.391674645629829,not_recalculated_full_population_unavailable
WINGER,523312,Brahim Mansouri,dribble_ratio,positive,0.391674645629827,not_recalculated_full_population_unavailable
WINGER,523312,Brahim Mansouri,np_shots_90,negative,-31.608325354370173,not_recalculated_full_population_unavailable
WINGER,523312,Brahim Mansouri,np_xg_90,negative,-27.608325354370173,not_recalculated_full_population_unavailable
WINGER,523312,Brahim Mansouri,obv_dribble_carry_90,negative,-1.3880114801094052,not_recalculated_full_population_unavailable
