provider_dataset,path,available,row_count
cached_matches,/home/platform/DataPlatform/lake/raw/statsbomb/matches/extracted_date=2026-06-27/run_id=botola_statsbomb_backfill_20260627T220356Z/competition_id=1229/season_id=318/matches.json,True,224
cached_matches,/home/platform/DataPlatform/lake/bronze/statsbomb/matches/statsbomb_matches.json,True,10
cached_matches,/home/platform/DataPlatform/tmp/master_data_warehouse/bronze/bronze_raw_provider_events.jsonl,True,35082
cached_matches,/home/platform/DataPlatform/tmp/master_data_warehouse/bronze/bronze_raw_statsbomb_competitions.jsonl,True,222
cached_matches,/home/platform/DataPlatform/tmp/master_data_warehouse/bronze/bronze_raw_provider_teams.jsonl,True,22
cached_matches,/home/platform/DataPlatform/tmp/master_data_warehouse/bronze/bronze_raw_statsbomb_events.jsonl,True,35082
cached_matches,/home/platform/DataPlatform/tmp/master_data_warehouse/bronze/bronze_raw_transfermarkt_market_values.jsonl,False,0
cached_matches,/home/platform/DataPlatform/tmp/master_data_warehouse/bronze/bronze_raw_transfermarkt_players.jsonl,True,6
cached_matches,/home/platform/DataPlatform/tmp/master_data_warehouse/bronze/bronze_raw_statsbomb_360.jsonl,False,0
cached_matches,/home/platform/DataPlatform/tmp/master_data_warehouse/bronze/bronze_raw_statsbomb_lineups.jsonl,True,22
cached_matches,/home/platform/DataPlatform/tmp/master_data_warehouse/bronze/bronze_raw_provider_players.jsonl,True,450
cached_matches,/home/platform/DataPlatform/tmp/master_data_warehouse/bronze/bronze_raw_statsbomb_matches.jsonl,True,11
cached_matches,/home/platform/DataPlatform/tmp/master_data_warehouse/bronze/bronze_raw_statsbomb_team_match_stats.jsonl,True,22
cached_matches,/home/platform/DataPlatform/tmp/master_data_warehouse/bronze/bronze_raw_statsbomb_player_match_stats.jsonl,True,350
cached_matches,/home/platform/DataPlatform/tmp/master_data_warehouse/bronze/bronze_raw_statsbomb_player_season_stats.jsonl,True,489
cached_matches,/home/platform/DataPlatform/tmp/master_data_warehouse/bronze/bronze_raw_transfermarkt_coach_profiles.jsonl,True,14
cached_matches,/home/platform/DataPlatform/tmp/master_data_warehouse/bronze/bronze_raw_transfermarkt_coach_history.jsonl,True,192
cached_matches,/home/platform/DataPlatform/tmp/master_data_warehouse/bronze/bronze_raw_statsbomb_team_season_stats.jsonl,True,16
cached_matches,/home/platform/DataPlatform/tmp/master_data_warehouse/bronze/bronze_raw_provider_matches.jsonl,True,11
events,/home/platform/DataPlatform/tmp/statsbomb_warehouse_flow_botola_318_10matches/bronze/statsbomb_events_flat.jsonl,True,30940
events,/home/platform/DataPlatform/tmp/statsbomb_warehouse_flow_botola_318_10matches/silver/myteam_canonical_events.jsonl,True,30940
events,/home/platform/DataPlatform/tmp/master_data_warehouse_real_3773386/bronze/bronze_raw_provider_events.jsonl,True,3891
events,/home/platform/DataPlatform/tmp/master_data_warehouse_real_3773386/silver/silver_events.jsonl,True,3891
events,/home/platform/DataPlatform/tmp/master_data_warehouse_real_3773386/raw/statsbomb/events/3773386/events.json,True,3891
events,/home/platform/DataPlatform/tmp/master_data_warehouse_real_3773386/raw/statsbomb/events/3773386/events.json.meta.json,True,1
events,/home/platform/DataPlatform/tmp/botola_poc/raw/events/extracted_date=2026-06-09/run_id=botola_statsbomb_backfill_20260609T104210Z/match_id=3960262/events.json,True,3169
events,/home/platform/DataPlatform/tmp/botola_poc/raw/events/extracted_date=2026-06-09/run_id=botola_statsbomb_backfill_20260609T104210Z/match_id=4020498/events.json,True,3177
events,/home/platform/DataPlatform/tmp/botola_poc/raw/events/extracted_date=2026-06-09/run_id=botola_statsbomb_backfill_20260609T104210Z/match_id=4020497/events.json,True,3003
events,/home/platform/DataPlatform/tmp/botola_poc/raw/events/extracted_date=2026-06-09/run_id=botola_statsbomb_backfill_20260609T104210Z/match_id=3960263/events.json,True,3132
events,/home/platform/DataPlatform/tmp/statsbomb_warehouse_flow_botola_2seasons/bronze/statsbomb_events_flat.jsonl,True,12481
events,/home/platform/DataPlatform/tmp/statsbomb_warehouse_flow_botola_2seasons/silver/myteam_canonical_events.jsonl,True,12481
events,/home/platform/DataPlatform/tmp/master_data_warehouse/bronze/bronze_raw_provider_events.jsonl,True,35082
events,/home/platform/DataPlatform/tmp/master_data_warehouse/bronze/bronze_raw_statsbomb_events.jsonl,True,35082
events,/home/platform/DataPlatform/tmp/master_data_warehouse/identity/identity_resolution_events.jsonl,True,110
events,/home/platform/DataPlatform/tmp/master_data_warehouse/identity/coach_identity_resolution_events.jsonl,True,35
events,/home/platform/DataPlatform/tmp/master_data_warehouse/silver/silver_events.jsonl,True,35082
events,/home/platform/DataPlatform/tmp/master_data_warehouse/raw/statsbomb/events/4030232/events.json,True,2849
events,/home/platform/DataPlatform/tmp/master_data_warehouse/raw/statsbomb/events/4030232/events.json.meta.json,True,1
events,/home/platform/DataPlatform/tmp/master_data_warehouse/raw/statsbomb/events/4020499/events.json,True,3316
events,/home/platform/DataPlatform/tmp/master_data_warehouse/raw/statsbomb/events/4020499/events.json.meta.json,True,1
events,/home/platform/DataPlatform/tmp/master_data_warehouse/raw/statsbomb/events/3943077/events.json,True,4142
events,/home/platform/DataPlatform/tmp/master_data_warehouse/raw/statsbomb/events/3943077/events.json.meta.json,True,1
events,/home/platform/DataPlatform/tmp/master_data_warehouse/raw/statsbomb/events/4020501/events.json,True,2845
events,/home/platform/DataPlatform/tmp/master_data_warehouse/raw/statsbomb/events/4020501/events.json.meta.json,True,1
events,/home/platform/DataPlatform/tmp/master_data_warehouse/raw/statsbomb/events/4020504/events.json,True,2760
events,/home/platform/DataPlatform/tmp/master_data_warehouse/raw/statsbomb/events/4020504/events.json.meta.json,True,1
events,/home/platform/DataPlatform/tmp/master_data_warehouse/raw/statsbomb/events/4020500/events.json,True,3143
events,/home/platform/DataPlatform/tmp/master_data_warehouse/raw/statsbomb/events/4020500/events.json.meta.json,True,1
events,/home/platform/DataPlatform/tmp/master_data_warehouse/raw/statsbomb/events/4020498/events.json,True,3177
events,/home/platform/DataPlatform/tmp/master_data_warehouse/raw/statsbomb/events/4020498/events.json.meta.json,True,1
events,/home/platform/DataPlatform/tmp/master_data_warehouse/raw/statsbomb/events/4030233/events.json,True,3137
events,/home/platform/DataPlatform/tmp/master_data_warehouse/raw/statsbomb/events/4030233/events.json.meta.json,True,1
events,/home/platform/DataPlatform/tmp/master_data_warehouse/raw/statsbomb/events/4020497/events.json,True,3003
events,/home/platform/DataPlatform/tmp/master_data_warehouse/raw/statsbomb/events/4020497/events.json.meta.json,True,1
events,/home/platform/DataPlatform/tmp/master_data_warehouse/raw/statsbomb/events/4020502/events.json,True,3827
events,/home/platform/DataPlatform/tmp/master_data_warehouse/raw/statsbomb/events/4020502/events.json.meta.json,True,1
events,/home/platform/DataPlatform/tmp/master_data_warehouse/raw/statsbomb/events/4020503/events.json,True,2883
events,/home/platform/DataPlatform/tmp/master_data_warehouse/raw/statsbomb/events/4020503/events.json.meta.json,True,1
events,/home/platform/DataPlatform/tmp/statsbomb_warehouse_flow_fixture/bronze/statsbomb_events_flat.jsonl,True,5
events,/home/platform/DataPlatform/tmp/statsbomb_warehouse_flow_fixture/silver/myteam_canonical_events.jsonl,True,5
events,/home/platform/DataPlatform/contracts/serving/events.schema.json,True,1
events,/home/platform/DataPlatform/lake/raw/statsbomb/events/extracted_date=2026-06-27/run_id=botola_statsbomb_backfill_20260627T220356Z/match_id=4020503/events.json,True,2883
events,/home/platform/DataPlatform/lake/raw/statsbomb/events/extracted_date=2026-06-27/run_id=botola_statsbomb_backfill_20260627T220356Z/match_id=4020498/events.json,True,3177
events,/home/platform/DataPlatform/lake/raw/statsbomb/events/extracted_date=2026-06-27/run_id=botola_statsbomb_backfill_20260627T220356Z/match_id=4030232/events.json,True,2849
events,/home/platform/DataPlatform/lake/raw/statsbomb/events/extracted_date=2026-06-27/run_id=botola_statsbomb_backfill_20260627T220356Z/match_id=4020504/events.json,True,2760
events,/home/platform/DataPlatform/lake/raw/statsbomb/events/extracted_date=2026-06-27/run_id=botola_statsbomb_backfill_20260627T220356Z/match_id=4020500/events.json,True,3143
events,/home/platform/DataPlatform/lake/raw/statsbomb/events/extracted_date=2026-06-27/run_id=botola_statsbomb_backfill_20260627T220356Z/match_id=4020501/events.json,True,2845
events,/home/platform/DataPlatform/lake/raw/statsbomb/events/extracted_date=2026-06-27/run_id=botola_statsbomb_backfill_20260627T220356Z/match_id=4020499/events.json,True,3316
events,/home/platform/DataPlatform/lake/raw/statsbomb/events/extracted_date=2026-06-27/run_id=botola_statsbomb_backfill_20260627T220356Z/match_id=4020497/events.json,True,3003
events,/home/platform/DataPlatform/lake/raw/statsbomb/events/extracted_date=2026-06-27/run_id=botola_statsbomb_backfill_20260627T220356Z/match_id=4030233/events.json,True,3137
events,/home/platform/DataPlatform/lake/raw/statsbomb/events/extracted_date=2026-06-27/run_id=botola_statsbomb_backfill_20260627T220356Z/match_id=4020502/events.json,True,3827
events,/home/platform/DataPlatform/tests/fixtures/statsbomb_raw/events/extracted_date=2026-05-12/run_id=sample/match_id=99001/events.json,True,5
lineups,/home/platform/DataPlatform/tmp/botola_identity/statsbomb_raw/lineups/extracted_date=2026-06-02/run_id=botola_identity_minimal_20260602T203944Z/match_id=4034284/lineups.json,True,2
lineups,/home/platform/DataPlatform/tmp/botola_identity/statsbomb_raw/lineups/extracted_date=2026-06-02/run_id=botola_identity_minimal_20260602T203944Z/match_id=4034575/lineups.json,True,2
lineups,/home/platform/DataPlatform/tmp/botola_identity/statsbomb_raw/lineups/extracted_date=2026-06-02/run_id=botola_identity_minimal_20260602T203944Z/match_id=4051533/lineups.json,True,2
lineups,/home/platform/DataPlatform/tmp/botola_identity/statsbomb_raw/lineups/extracted_date=2026-06-02/run_id=botola_identity_minimal_20260602T203944Z/match_id=4047790/lineups.json,True,2
lineups,/home/platform/DataPlatform/tmp/botola_identity/statsbomb_raw/lineups/extracted_date=2026-06-02/run_id=botola_identity_minimal_20260602T203944Z/match_id=4031428/lineups.json,True,2
lineups,/home/platform/DataPlatform/tmp/botola_identity/statsbomb_raw/lineups/extracted_date=2026-06-02/run_id=botola_identity_minimal_20260602T203944Z/match_id=4051542/lineups.json,True,2
lineups,/home/platform/DataPlatform/tmp/botola_identity/statsbomb_raw/lineups/extracted_date=2026-06-02/run_id=botola_identity_minimal_20260602T203944Z/match_id=4057958/lineups.json,True,2
lineups,/home/platform/DataPlatform/tmp/botola_identity/statsbomb_raw/lineups/extracted_date=2026-06-02/run_id=botola_identity_minimal_20260602T203944Z/match_id=4059492/lineups.json,False,0
lineups,/home/platform/DataPlatform/tmp/botola_identity/statsbomb_raw/lineups/extracted_date=2026-06-02/run_id=botola_identity_minimal_20260602T203944Z/match_id=4059481/lineups.json,True,2
lineups,/home/platform/DataPlatform/tmp/botola_identity/statsbomb_raw/lineups/extracted_date=2026-06-02/run_id=botola_identity_minimal_20260602T203944Z/match_id=4051531/lineups.json,True,2
lineups,/home/platform/DataPlatform/tmp/botola_identity/statsbomb_raw/lineups/extracted_date=2026-06-02/run_id=botola_identity_minimal_20260602T203944Z/match_id=4020503/lineups.json,True,2
lineups,/home/platform/DataPlatform/tmp/botola_identity/statsbomb_raw/lineups/extracted_date=2026-06-02/run_id=botola_identity_minimal_20260602T203944Z/match_id=4047794/lineups.json,True,2
lineups,/home/platform/DataPlatform/tmp/botola_identity/statsbomb_raw/lineups/extracted_date=2026-06-02/run_id=botola_identity_minimal_20260602T203944Z/match_id=4057956/lineups.json,True,2
lineups,/home/platform/DataPlatform/tmp/botola_identity/statsbomb_raw/lineups/extracted_date=2026-06-02/run_id=botola_identity_minimal_20260602T203944Z/match_id=4030238/lineups.json,True,2
lineups,/home/platform/DataPlatform/tmp/botola_identity/statsbomb_raw/lineups/extracted_date=2026-06-02/run_id=botola_identity_minimal_20260602T203944Z/match_id=4057463/lineups.json,True,2
lineups,/home/platform/DataPlatform/tmp/botola_identity/statsbomb_raw/lineups/extracted_date=2026-06-02/run_id=botola_identity_minimal_20260602T203944Z/match_id=4059479/lineups.json,True,2
lineups,/home/platform/DataPlatform/tmp/botola_identity/statsbomb_raw/lineups/extracted_date=2026-06-02/run_id=botola_identity_minimal_20260602T203944Z/match_id=4031429/lineups.json,True,2
lineups,/home/platform/DataPlatform/tmp/botola_identity/statsbomb_raw/lineups/extracted_date=2026-06-02/run_id=botola_identity_minimal_20260602T203944Z/match_id=4051530/lineups.json,True,2
lineups,/home/platform/DataPlatform/tmp/botola_identity/statsbomb_raw/lineups/extracted_date=2026-06-02/run_id=botola_identity_minimal_20260602T203944Z/match_id=4057972/lineups.json,True,2
lineups,/home/platform/DataPlatform/tmp/botola_identity/statsbomb_raw/lineups/extracted_date=2026-06-02/run_id=botola_identity_minimal_20260602T203944Z/match_id=4031430/lineups.json,True,2
lineups,/home/platform/DataPlatform/tmp/botola_identity/statsbomb_raw/lineups/extracted_date=2026-06-02/run_id=botola_identity_minimal_20260602T203944Z/match_id=4020498/lineups.json,False,0
lineups,/home/platform/DataPlatform/tmp/botola_identity/statsbomb_raw/lineups/extracted_date=2026-06-02/run_id=botola_identity_minimal_20260602T203944Z/match_id=4059478/lineups.json,True,2
lineups,/home/platform/DataPlatform/tmp/botola_identity/statsbomb_raw/lineups/extracted_date=2026-06-02/run_id=botola_identity_minimal_20260602T203944Z/match_id=4030237/lineups.json,True,2
lineups,/home/platform/DataPlatform/tmp/botola_identity/statsbomb_raw/lineups/extracted_date=2026-06-02/run_id=botola_identity_minimal_20260602T203944Z/match_id=4051540/lineups.json,True,2
lineups,/home/platform/DataPlatform/tmp/botola_identity/statsbomb_raw/lineups/extracted_date=2026-06-02/run_id=botola_identity_minimal_20260602T203944Z/match_id=4034580/lineups.json,True,2
lineups,/home/platform/DataPlatform/tmp/botola_identity/statsbomb_raw/lineups/extracted_date=2026-06-02/run_id=botola_identity_minimal_20260602T203944Z/match_id=4051541/lineups.json,True,2
lineups,/home/platform/DataPlatform/tmp/botola_identity/statsbomb_raw/lineups/extracted_date=2026-06-02/run_id=botola_identity_minimal_20260602T203944Z/match_id=4034581/lineups.json,True,2
lineups,/home/platform/DataPlatform/tmp/botola_identity/statsbomb_raw/lineups/extracted_date=2026-06-02/run_id=botola_identity_minimal_20260602T203944Z/match_id=4030232/lineups.json,True,2
lineups,/home/platform/DataPlatform/tmp/botola_identity/statsbomb_raw/lineups/extracted_date=2026-06-02/run_id=botola_identity_minimal_20260602T203944Z/match_id=4051489/lineups.json,True,2
lineups,/home/platform/DataPlatform/tmp/botola_identity/statsbomb_raw/lineups/extracted_date=2026-06-02/run_id=botola_identity_minimal_20260602T203944Z/match_id=4057464/lineups.json,True,2
lineups,/home/platform/DataPlatform/tmp/botola_identity/statsbomb_raw/lineups/extracted_date=2026-06-02/run_id=botola_identity_minimal_20260602T203944Z/match_id=4059489/lineups.json,False,0
lineups,/home/platform/DataPlatform/tmp/botola_identity/statsbomb_raw/lineups/extracted_date=2026-06-02/run_id=botola_identity_minimal_20260602T203944Z/match_id=4047795/lineups.json,True,2
lineups,/home/platform/DataPlatform/tmp/botola_identity/statsbomb_raw/lineups/extracted_date=2026-06-02/run_id=botola_identity_minimal_20260602T203944Z/match_id=4047796/lineups.json,True,2
lineups,/home/platform/DataPlatform/tmp/botola_identity/statsbomb_raw/lineups/extracted_date=2026-06-02/run_id=botola_identity_minimal_20260602T203944Z/match_id=4057469/lineups.json,True,2
lineups,/home/platform/DataPlatform/tmp/botola_identity/statsbomb_raw/lineups/extracted_date=2026-06-02/run_id=botola_identity_minimal_20260602T203944Z/match_id=4033226/lineups.json,True,2
lineups,/home/platform/DataPlatform/tmp/botola_identity/statsbomb_raw/lineups/extracted_date=2026-06-02/run_id=botola_identity_minimal_20260602T203944Z/match_id=4057974/lineups.json,True,2
lineups,/home/platform/DataPlatform/tmp/botola_identity/statsbomb_raw/lineups/extracted_date=2026-06-02/run_id=botola_identity_minimal_20260602T203944Z/match_id=4057184/lineups.json,True,2
lineups,/home/platform/DataPlatform/tmp/botola_identity/statsbomb_raw/lineups/extracted_date=2026-06-02/run_id=botola_identity_minimal_20260602T203944Z/match_id=4051536/lineups.json,False,0
lineups,/home/platform/DataPlatform/tmp/botola_identity/statsbomb_raw/lineups/extracted_date=2026-06-02/run_id=botola_identity_minimal_20260602T203944Z/match_id=4057967/lineups.json,True,2
lineups,/home/platform/DataPlatform/tmp/botola_identity/statsbomb_raw/lineups/extracted_date=2026-06-02/run_id=botola_identity_minimal_20260602T203944Z/match_id=4051488/lineups.json,True,2
lineups,/home/platform/DataPlatform/tmp/botola_identity/statsbomb_raw/lineups/extracted_date=2026-06-02/run_id=botola_identity_minimal_20260602T203944Z/match_id=4031422/lineups.json,True,2
lineups,/home/platform/DataPlatform/tmp/botola_identity/statsbomb_raw/lineups/extracted_date=2026-06-02/run_id=botola_identity_minimal_20260602T203944Z/match_id=4020504/lineups.json,True,2
lineups,/home/platform/DataPlatform/tmp/botola_identity/statsbomb_raw/lineups/extracted_date=2026-06-02/run_id=botola_identity_minimal_20260602T203944Z/match_id=4051532/lineups.json,True,2
lineups,/home/platform/DataPlatform/tmp/botola_identity/statsbomb_raw/lineups/extracted_date=2026-06-02/run_id=botola_identity_minimal_20260602T203944Z/match_id=4033229/lineups.json,True,2
lineups,/home/platform/DataPlatform/tmp/botola_identity/statsbomb_raw/lineups/extracted_date=2026-06-02/run_id=botola_identity_minimal_20260602T203944Z/match_id=4033221/lineups.json,True,2
lineups,/home/platform/DataPlatform/tmp/botola_identity/statsbomb_raw/lineups/extracted_date=2026-06-02/run_id=botola_identity_minimal_20260602T203944Z/match_id=4031432/lineups.json,True,2
lineups,/home/platform/DataPlatform/tmp/botola_identity/statsbomb_raw/lineups/extracted_date=2026-06-02/run_id=botola_identity_minimal_20260602T203944Z/match_id=4051484/lineups.json,True,2
lineups,/home/platform/DataPlatform/tmp/botola_identity/statsbomb_raw/lineups/extracted_date=2026-06-02/run_id=botola_identity_minimal_20260602T203944Z/match_id=4047793/lineups.json,True,2
lineups,/home/platform/DataPlatform/tmp/botola_identity/statsbomb_raw/lineups/extracted_date=2026-06-02/run_id=botola_identity_minimal_20260602T203944Z/match_id=4051491/lineups.json,True,2
lineups,/home/platform/DataPlatform/tmp/botola_identity/statsbomb_raw/lineups/extracted_date=2026-06-02/run_id=botola_identity_minimal_20260602T203944Z/match_id=4057969/lineups.json,True,2
lineups,/home/platform/DataPlatform/tmp/botola_identity/statsbomb_raw/lineups/extracted_date=2026-06-02/run_id=botola_identity_minimal_20260602T203944Z/match_id=4059488/lineups.json,False,0
lineups,/home/platform/DataPlatform/tmp/botola_identity/statsbomb_raw/lineups/extracted_date=2026-06-02/run_id=botola_identity_minimal_20260602T203944Z/match_id=4057462/lineups.json,True,2
lineups,/home/platform/DataPlatform/tmp/botola_identity/statsbomb_raw/lineups/extracted_date=2026-06-02/run_id=botola_identity_minimal_20260602T203944Z/match_id=4057978/lineups.json,True,2
lineups,/home/platform/DataPlatform/tmp/botola_identity/statsbomb_raw/lineups/extracted_date=2026-06-02/run_id=botola_identity_minimal_20260602T203944Z/match_id=4047787/lineups.json,True,2
lineups,/home/platform/DataPlatform/tmp/botola_identity/statsbomb_raw/lineups/extracted_date=2026-06-02/run_id=botola_identity_minimal_20260602T203944Z/match_id=4033227/lineups.json,True,2
lineups,/home/platform/DataPlatform/tmp/botola_identity/statsbomb_raw/lineups/extracted_date=2026-06-02/run_id=botola_identity_minimal_20260602T203944Z/match_id=4051534/lineups.json,True,2
lineups,/home/platform/DataPlatform/tmp/botola_identity/statsbomb_raw/lineups/extracted_date=2026-06-02/run_id=botola_identity_minimal_20260602T203944Z/match_id=4020500/lineups.json,True,2
lineups,/home/platform/DataPlatform/tmp/botola_identity/statsbomb_raw/lineups/extracted_date=2026-06-02/run_id=botola_identity_minimal_20260602T203944Z/match_id=4049875/lineups.json,True,2
lineups,/home/platform/DataPlatform/tmp/botola_identity/statsbomb_raw/lineups/extracted_date=2026-06-02/run_id=botola_identity_minimal_20260602T203944Z/match_id=4031423/lineups.json,True,2
lineups,/home/platform/DataPlatform/tmp/botola_identity/statsbomb_raw/lineups/extracted_date=2026-06-02/run_id=botola_identity_minimal_20260602T203944Z/match_id=4031437/lineups.json,True,2
lineups,/home/platform/DataPlatform/tmp/botola_identity/statsbomb_raw/lineups/extracted_date=2026-06-02/run_id=botola_identity_minimal_20260602T203944Z/match_id=4030239/lineups.json,True,2
lineups,/home/platform/DataPlatform/tmp/botola_identity/statsbomb_raw/lineups/extracted_date=2026-06-02/run_id=botola_identity_minimal_20260602T203944Z/match_id=4033445/lineups.json,True,2
lineups,/home/platform/DataPlatform/tmp/botola_identity/statsbomb_raw/lineups/extracted_date=2026-06-02/run_id=botola_identity_minimal_20260602T203944Z/match_id=4049885/lineups.json,True,2
lineups,/home/platform/DataPlatform/tmp/botola_identity/statsbomb_raw/lineups/extracted_date=2026-06-02/run_id=botola_identity_minimal_20260602T203944Z/match_id=4020501/lineups.json,True,2
lineups,/home/platform/DataPlatform/tmp/botola_identity/statsbomb_raw/lineups/extracted_date=2026-06-02/run_id=botola_identity_minimal_20260602T203944Z/match_id=4033439/lineups.json,True,2
lineups,/home/platform/DataPlatform/tmp/botola_identity/statsbomb_raw/lineups/extracted_date=2026-06-02/run_id=botola_identity_minimal_20260602T203944Z/match_id=4047792/lineups.json,True,2
lineups,/home/platform/DataPlatform/tmp/botola_identity/statsbomb_raw/lineups/extracted_date=2026-06-02/run_id=botola_identity_minimal_20260602T203944Z/match_id=4051538/lineups.json,True,2
lineups,/home/platform/DataPlatform/tmp/botola_identity/statsbomb_raw/lineups/extracted_date=2026-06-02/run_id=botola_identity_minimal_20260602T203944Z/match_id=4020499/lineups.json,True,2
lineups,/home/platform/DataPlatform/tmp/botola_identity/statsbomb_raw/lineups/extracted_date=2026-06-02/run_id=botola_identity_minimal_20260602T203944Z/match_id=4049882/lineups.json,True,2
lineups,/home/platform/DataPlatform/tmp/botola_identity/statsbomb_raw/lineups/extracted_date=2026-06-02/run_id=botola_identity_minimal_20260602T203944Z/match_id=4033219/lineups.json,True,2
lineups,/home/platform/DataPlatform/tmp/botola_identity/statsbomb_raw/lineups/extracted_date=2026-06-02/run_id=botola_identity_minimal_20260602T203944Z/match_id=4034582/lineups.json,True,2
lineups,/home/platform/DataPlatform/tmp/botola_identity/statsbomb_raw/lineups/extracted_date=2026-06-02/run_id=botola_identity_minimal_20260602T203944Z/match_id=4051539/lineups.json,True,2
lineups,/home/platform/DataPlatform/tmp/botola_identity/statsbomb_raw/lineups/extracted_date=2026-06-02/run_id=botola_identity_minimal_20260602T203944Z/match_id=4049873/lineups.json,True,2
lineups,/home/platform/DataPlatform/tmp/botola_identity/statsbomb_raw/lineups/extracted_date=2026-06-02/run_id=botola_identity_minimal_20260602T203944Z/match_id=4057959/lineups.json,True,2
lineups,/home/platform/DataPlatform/tmp/botola_identity/statsbomb_raw/lineups/extracted_date=2026-06-02/run_id=botola_identity_minimal_20260602T203944Z/match_id=4051486/lineups.json,True,2
lineups,/home/platform/DataPlatform/tmp/botola_identity/statsbomb_raw/lineups/extracted_date=2026-06-02/run_id=botola_identity_minimal_20260602T203944Z/match_id=4057964/lineups.json,True,2
lineups,/home/platform/DataPlatform/tmp/botola_identity/statsbomb_raw/lineups/extracted_date=2026-06-02/run_id=botola_identity_minimal_20260602T203944Z/match_id=4049886/lineups.json,True,2
lineups,/home/platform/DataPlatform/tmp/botola_identity/statsbomb_raw/lineups/extracted_date=2026-06-02/run_id=botola_identity_minimal_20260602T203944Z/match_id=4057183/lineups.json,True,2
lineups,/home/platform/DataPlatform/tmp/botola_identity/statsbomb_raw/lineups/extracted_date=2026-06-02/run_id=botola_identity_minimal_20260602T203944Z/match_id=4059477/lineups.json,True,2
lineups,/home/platform/DataPlatform/tmp/botola_identity/statsbomb_raw/lineups/extracted_date=2026-06-02/run_id=botola_identity_minimal_20260602T203944Z/match_id=4057181/lineups.json,True,2
lineups,/home/platform/DataPlatform/tmp/botola_identity/statsbomb_raw/lineups/extracted_date=2026-06-02/run_id=botola_identity_minimal_20260602T203944Z/match_id=4034578/lineups.json,True,2
lineups,/home/platform/DataPlatform/tmp/botola_identity/statsbomb_raw/lineups/extracted_date=2026-06-02/run_id=botola_identity_minimal_20260602T203944Z/match_id=4057975/lineups.json,True,2
lineups,/home/platform/DataPlatform/tmp/botola_identity/statsbomb_raw/lineups/extracted_date=2026-06-02/run_id=botola_identity_minimal_20260602T203944Z/match_id=4051535/lineups.json,True,2
lineups,/home/platform/DataPlatform/tmp/botola_identity/statsbomb_raw/lineups/extracted_date=2026-06-02/run_id=botola_identity_minimal_20260602T203944Z/match_id=4057465/lineups.json,True,2
lineups,/home/platform/DataPlatform/tmp/botola_identity/statsbomb_raw/lineups/extracted_date=2026-06-02/run_id=botola_identity_minimal_20260602T203944Z/match_id=4057962/lineups.json,True,2
lineups,/home/platform/DataPlatform/tmp/botola_identity/statsbomb_raw/lineups/extracted_date=2026-06-02/run_id=botola_identity_minimal_20260602T203944Z/match_id=4057961/lineups.json,True,2
lineups,/home/platform/DataPlatform/tmp/botola_identity/statsbomb_raw/lineups/extracted_date=2026-06-02/run_id=botola_identity_minimal_20260602T203944Z/match_id=4031425/lineups.json,True,2
lineups,/home/platform/DataPlatform/tmp/botola_identity/statsbomb_raw/lineups/extracted_date=2026-06-02/run_id=botola_identity_minimal_20260602T203944Z/match_id=4031431/lineups.json,True,2
lineups,/home/platform/DataPlatform/tmp/botola_identity/statsbomb_raw/lineups/extracted_date=2026-06-02/run_id=botola_identity_minimal_20260602T203944Z/match_id=4033440/lineups.json,True,2
lineups,/home/platform/DataPlatform/tmp/botola_identity/statsbomb_raw/lineups/extracted_date=2026-06-02/run_id=botola_identity_minimal_20260602T203944Z/match_id=4020497/lineups.json,True,2
lineups,/home/platform/DataPlatform/tmp/botola_identity/statsbomb_raw/lineups/extracted_date=2026-06-02/run_id=botola_identity_minimal_20260602T203944Z/match_id=4047785/lineups.json,True,2
lineups,/home/platform/DataPlatform/tmp/botola_identity/statsbomb_raw/lineups/extracted_date=2026-06-02/run_id=botola_identity_minimal_20260602T203944Z/match_id=4031435/lineups.json,True,2
lineups,/home/platform/DataPlatform/tmp/botola_identity/statsbomb_raw/lineups/extracted_date=2026-06-02/run_id=botola_identity_minimal_20260602T203944Z/match_id=4057179/lineups.json,True,2
lineups,/home/platform/DataPlatform/tmp/botola_identity/statsbomb_raw/lineups/extracted_date=2026-06-02/run_id=botola_identity_minimal_20260602T203944Z/match_id=4049884/lineups.json,True,2
lineups,/home/platform/DataPlatform/tmp/botola_identity/statsbomb_raw/lineups/extracted_date=2026-06-02/run_id=botola_identity_minimal_20260602T203944Z/match_id=4034286/lineups.json,True,2
lineups,/home/platform/DataPlatform/tmp/botola_identity/statsbomb_raw/lineups/extracted_date=2026-06-02/run_id=botola_identity_minimal_20260602T203944Z/match_id=4059480/lineups.json,True,2
lineups,/home/platform/DataPlatform/tmp/botola_identity/statsbomb_raw/lineups/extracted_date=2026-06-02/run_id=botola_identity_minimal_20260602T203944Z/match_id=4049879/lineups.json,True,2
lineups,/home/platform/DataPlatform/tmp/botola_identity/statsbomb_raw/lineups/extracted_date=2026-06-02/run_id=botola_identity_minimal_20260602T203944Z/match_id=4031434/lineups.json,True,2
lineups,/home/platform/DataPlatform/tmp/botola_identity/statsbomb_raw/lineups/extracted_date=2026-06-02/run_id=botola_identity_minimal_20260602T203944Z/match_id=4031426/lineups.json,True,2
lineups,/home/platform/DataPlatform/tmp/botola_identity/statsbomb_raw/lineups/extracted_date=2026-06-02/run_id=botola_identity_minimal_20260602T203944Z/match_id=4059484/lineups.json,True,2
lineups,/home/platform/DataPlatform/tmp/botola_identity/statsbomb_raw/lineups/extracted_date=2026-06-02/run_id=botola_identity_minimal_20260602T203944Z/match_id=4057965/lineups.json,True,2
lineups,/home/platform/DataPlatform/tmp/botola_identity/statsbomb_raw/lineups/extracted_date=2026-06-02/run_id=botola_identity_minimal_20260602T203944Z/match_id=4034291/lineups.json,False,0
lineups,/home/platform/DataPlatform/tmp/botola_identity/statsbomb_raw/lineups/extracted_date=2026-06-02/run_id=botola_identity_minimal_20260602T203944Z/match_id=4057973/lineups.json,True,2
lineups,/home/platform/DataPlatform/tmp/botola_identity/statsbomb_raw/lineups/extracted_date=2026-06-02/run_id=botola_identity_minimal_20260602T203944Z/match_id=4049877/lineups.json,True,2
lineups,/home/platform/DataPlatform/tmp/botola_identity/statsbomb_raw/lineups/extracted_date=2026-06-02/run_id=botola_identity_minimal_20260602T203944Z/match_id=4057963/lineups.json,True,2
lineups,/home/platform/DataPlatform/tmp/botola_identity/statsbomb_raw/lineups/extracted_date=2026-06-02/run_id=botola_identity_minimal_20260602T203944Z/match_id=4057977/lineups.json,True,2
lineups,/home/platform/DataPlatform/tmp/botola_identity/statsbomb_raw/lineups/extracted_date=2026-06-02/run_id=botola_identity_minimal_20260602T203944Z/match_id=4059491/lineups.json,False,0
lineups,/home/platform/DataPlatform/tmp/botola_identity/statsbomb_raw/lineups/extracted_date=2026-06-02/run_id=botola_identity_minimal_20260602T203944Z/match_id=4047791/lineups.json,True,2
lineups,/home/platform/DataPlatform/tmp/botola_identity/statsbomb_raw/lineups/extracted_date=2026-06-02/run_id=botola_identity_minimal_20260602T203944Z/match_id=4047798/lineups.json,True,2
lineups,/home/platform/DataPlatform/tmp/botola_identity/statsbomb_raw/lineups/extracted_date=2026-06-02/run_id=botola_identity_minimal_20260602T203944Z/match_id=4057976/lineups.json,True,2
lineups,/home/platform/DataPlatform/tmp/botola_identity/statsbomb_raw/lineups/extracted_date=2026-06-02/run_id=botola_identity_minimal_20260602T203944Z/match_id=4033220/lineups.json,True,2
lineups,/home/platform/DataPlatform/tmp/botola_identity/statsbomb_raw/lineups/extracted_date=2026-06-02/run_id=botola_identity_minimal_20260602T203944Z/match_id=4057957/lineups.json,True,2
lineups,/home/platform/DataPlatform/tmp/botola_identity/statsbomb_raw/lineups/extracted_date=2026-06-02/run_id=botola_identity_minimal_20260602T203944Z/match_id=4034576/lineups.json,True,2
lineups,/home/platform/DataPlatform/tmp/botola_identity/statsbomb_raw/lineups/extracted_date=2026-06-02/run_id=botola_identity_minimal_20260602T203944Z/match_id=4057182/lineups.json,True,2
lineups,/home/platform/DataPlatform/tmp/botola_identity/statsbomb_raw/lineups/extracted_date=2026-06-02/run_id=botola_identity_minimal_20260602T203944Z/match_id=4047800/lineups.json,True,2
lineups,/home/platform/DataPlatform/tmp/botola_identity/statsbomb_raw/lineups/extracted_date=2026-06-02/run_id=botola_identity_minimal_20260602T203944Z/match_id=4034287/lineups.json,True,2
lineups,/home/platform/DataPlatform/tmp/botola_identity/statsbomb_raw/lineups/extracted_date=2026-06-02/run_id=botola_identity_minimal_20260602T203944Z/match_id=4059483/lineups.json,True,2
lineups,/home/platform/DataPlatform/tmp/botola_identity/statsbomb_raw/lineups/extracted_date=2026-06-02/run_id=botola_identity_minimal_20260602T203944Z/match_id=4049874/lineups.json,True,2
lineups,/home/platform/DataPlatform/tmp/botola_identity/statsbomb_raw/lineups/extracted_date=2026-06-02/run_id=botola_identity_minimal_20260602T203944Z/match_id=4059486/lineups.json,True,2
lineups,/home/platform/DataPlatform/tmp/botola_identity/statsbomb_raw/lineups/extracted_date=2026-06-02/run_id=botola_identity_minimal_20260602T203944Z/match_id=4059482/lineups.json,True,2
lineups,/home/platform/DataPlatform/tmp/botola_identity/statsbomb_raw/lineups/extracted_date=2026-06-02/run_id=botola_identity_minimal_20260602T203944Z/match_id=4031433/lineups.json,True,2
lineups,/home/platform/DataPlatform/tmp/botola_identity/statsbomb_raw/lineups/extracted_date=2026-06-02/run_id=botola_identity_minimal_20260602T203944Z/match_id=4049878/lineups.json,True,2
lineups,/home/platform/DataPlatform/tmp/botola_identity/statsbomb_raw/lineups/extracted_date=2026-06-02/run_id=botola_identity_minimal_20260602T203944Z/match_id=4034289/lineups.json,True,2
lineups,/home/platform/DataPlatform/tmp/botola_identity/statsbomb_raw/lineups/extracted_date=2026-06-02/run_id=botola_identity_minimal_20260602T203944Z/match_id=4051537/lineups.json,True,2
lineups,/home/platform/DataPlatform/tmp/botola_identity/statsbomb_raw/lineups/extracted_date=2026-06-02/run_id=botola_identity_minimal_20260602T203944Z/match_id=4033228/lineups.json,True,2
lineups,/home/platform/DataPlatform/tmp/botola_identity/statsbomb_raw/lineups/extracted_date=2026-06-02/run_id=botola_identity_minimal_20260602T203944Z/match_id=4047788/lineups.json,True,2
lineups,/home/platform/DataPlatform/tmp/botola_identity/statsbomb_raw/lineups/extracted_date=2026-06-02/run_id=botola_identity_minimal_20260602T203944Z/match_id=4057468/lineups.json,True,2
lineups,/home/platform/DataPlatform/tmp/botola_identity/statsbomb_raw/lineups/extracted_date=2026-06-02/run_id=botola_identity_minimal_20260602T203944Z/match_id=4031436/lineups.json,True,2
lineups,/home/platform/DataPlatform/tmp/botola_identity/statsbomb_raw/lineups/extracted_date=2026-06-02/run_id=botola_identity_minimal_20260602T203944Z/match_id=4057960/lineups.json,True,2
lineups,/home/platform/DataPlatform/tmp/botola_identity/statsbomb_raw/lineups/extracted_date=2026-06-02/run_id=botola_identity_minimal_20260602T203944Z/match_id=4057968/lineups.json,True,2
lineups,/home/platform/DataPlatform/tmp/botola_identity/statsbomb_raw/lineups/extracted_date=2026-06-02/run_id=botola_identity_minimal_20260602T203944Z/match_id=4030234/lineups.json,True,2
lineups,/home/platform/DataPlatform/tmp/botola_identity/statsbomb_raw/lineups/extracted_date=2026-06-02/run_id=botola_identity_minimal_20260602T203944Z/match_id=4030236/lineups.json,True,2
lineups,/home/platform/DataPlatform/tmp/botola_identity/statsbomb_raw/lineups/extracted_date=2026-06-02/run_id=botola_identity_minimal_20260602T203944Z/match_id=4057178/lineups.json,True,2
lineups,/home/platform/DataPlatform/tmp/botola_identity/statsbomb_raw/lineups/extracted_date=2026-06-02/run_id=botola_identity_minimal_20260602T203944Z/match_id=4057180/lineups.json,True,2
lineups,/home/platform/DataPlatform/tmp/botola_identity/statsbomb_raw/lineups/extracted_date=2026-06-02/run_id=botola_identity_minimal_20260602T203944Z/match_id=4057966/lineups.json,True,2
lineups,/home/platform/DataPlatform/tmp/botola_identity/statsbomb_raw/lineups/extracted_date=2026-06-02/run_id=botola_identity_minimal_20260602T203944Z/match_id=4059490/lineups.json,False,0
lineups,/home/platform/DataPlatform/tmp/botola_identity/statsbomb_raw/lineups/extracted_date=2026-06-02/run_id=botola_identity_minimal_20260602T203944Z/match_id=4057467/lineups.json,True,2
lineups,/home/platform/DataPlatform/tmp/botola_identity/statsbomb_raw/lineups/extracted_date=2026-06-02/run_id=botola_identity_minimal_20260602T203944Z/match_id=4031424/lineups.json,True,2
lineups,/home/platform/DataPlatform/tmp/botola_identity/statsbomb_raw/lineups/extracted_date=2026-06-02/run_id=botola_identity_minimal_20260602T203944Z/match_id=4049876/lineups.json,True,2
lineups,/home/platform/DataPlatform/tmp/botola_identity/statsbomb_raw/lineups/extracted_date=2026-06-02/run_id=botola_identity_minimal_20260602T203944Z/match_id=4030235/lineups.json,True,2
lineups,/home/platform/DataPlatform/tmp/botola_identity/statsbomb_raw/lineups/extracted_date=2026-06-02/run_id=botola_identity_minimal_20260602T203944Z/match_id=4049872/lineups.json,True,2
lineups,/home/platform/DataPlatform/tmp/botola_identity/statsbomb_raw/lineups/extracted_date=2026-06-02/run_id=botola_identity_minimal_20260602T203944Z/match_id=4049881/lineups.json,True,2
lineups,/home/platform/DataPlatform/tmp/botola_identity/statsbomb_raw/lineups/extracted_date=2026-06-02/run_id=botola_identity_minimal_20260602T203944Z/match_id=4034577/lineups.json,True,2
lineups,/home/platform/DataPlatform/tmp/botola_identity/statsbomb_raw/lineups/extracted_date=2026-06-02/run_id=botola_identity_minimal_20260602T203944Z/match_id=4051487/lineups.json,True,2
lineups,/home/platform/DataPlatform/tmp/botola_identity/statsbomb_raw/lineups/extracted_date=2026-06-02/run_id=botola_identity_minimal_20260602T203944Z/match_id=4033223/lineups.json,True,2
lineups,/home/platform/DataPlatform/tmp/botola_identity/statsbomb_raw/lineups/extracted_date=2026-06-02/run_id=botola_identity_minimal_20260602T203944Z/match_id=4049880/lineups.json,True,2
lineups,/home/platform/DataPlatform/tmp/botola_identity/statsbomb_raw/lineups/extracted_date=2026-06-02/run_id=botola_identity_minimal_20260602T203944Z/match_id=4031427/lineups.json,True,2
lineups,/home/platform/DataPlatform/tmp/botola_identity/statsbomb_raw/lineups/extracted_date=2026-06-02/run_id=botola_identity_minimal_20260602T203944Z/match_id=4057185/lineups.json,True,2
lineups,/home/platform/DataPlatform/tmp/botola_identity/statsbomb_raw/lineups/extracted_date=2026-06-02/run_id=botola_identity_minimal_20260602T203944Z/match_id=4051529/lineups.json,True,2
lineups,/home/platform/DataPlatform/tmp/botola_identity/statsbomb_raw/lineups/extracted_date=2026-06-02/run_id=botola_identity_minimal_20260602T203944Z/match_id=4047799/lineups.json,True,2
lineups,/home/platform/DataPlatform/tmp/botola_identity/statsbomb_raw/lineups/extracted_date=2026-06-02/run_id=botola_identity_minimal_20260602T203944Z/match_id=4049883/lineups.json,True,2
lineups,/home/platform/DataPlatform/tmp/botola_identity/statsbomb_raw/lineups/extracted_date=2026-06-02/run_id=botola_identity_minimal_20260602T203944Z/match_id=4033225/lineups.json,True,2
lineups,/home/platform/DataPlatform/tmp/botola_identity/statsbomb_raw/lineups/extracted_date=2026-06-02/run_id=botola_identity_minimal_20260602T203944Z/match_id=4030233/lineups.json,True,2
lineups,/home/platform/DataPlatform/tmp/botola_identity/statsbomb_raw/lineups/extracted_date=2026-06-02/run_id=botola_identity_minimal_20260602T203944Z/match_id=4049887/lineups.json,True,2
lineups,/home/platform/DataPlatform/tmp/botola_identity/statsbomb_raw/lineups/extracted_date=2026-06-02/run_id=botola_identity_minimal_20260602T203944Z/match_id=4057970/lineups.json,True,2
lineups,/home/platform/DataPlatform/tmp/botola_identity/statsbomb_raw/lineups/extracted_date=2026-06-02/run_id=botola_identity_minimal_20260602T203944Z/match_id=4034288/lineups.json,True,2
lineups,/home/platform/DataPlatform/tmp/botola_identity/statsbomb_raw/lineups/extracted_date=2026-06-02/run_id=botola_identity_minimal_20260602T203944Z/match_id=4051544/lineups.json,True,2
lineups,/home/platform/DataPlatform/tmp/botola_identity/statsbomb_raw/lineups/extracted_date=2026-06-02/run_id=botola_identity_minimal_20260602T203944Z/match_id=4033224/lineups.json,True,2
lineups,/home/platform/DataPlatform/tmp/botola_identity/statsbomb_raw/lineups/extracted_date=2026-06-02/run_id=botola_identity_minimal_20260602T203944Z/match_id=4033441/lineups.json,True,2
lineups,/home/platform/DataPlatform/tmp/botola_identity/statsbomb_raw/lineups/extracted_date=2026-06-02/run_id=botola_identity_minimal_20260602T203944Z/match_id=4051490/lineups.json,True,2
lineups,/home/platform/DataPlatform/tmp/botola_identity/statsbomb_raw/lineups/extracted_date=2026-06-02/run_id=botola_identity_minimal_20260602T203944Z/match_id=4057466/lineups.json,True,2
lineups,/home/platform/DataPlatform/tmp/botola_identity/statsbomb_raw/lineups/extracted_date=2026-06-02/run_id=botola_identity_minimal_20260602T203944Z/match_id=4059487/lineups.json,True,2
lineups,/home/platform/DataPlatform/tmp/botola_identity/statsbomb_raw/lineups/extracted_date=2026-06-02/run_id=botola_identity_minimal_20260602T203944Z/match_id=4057979/lineups.json,True,2
lineups,/home/platform/DataPlatform/tmp/botola_identity/statsbomb_raw/lineups/extracted_date=2026-06-02/run_id=botola_identity_minimal_20260602T203944Z/match_id=4020502/lineups.json,True,2
lineups,/home/platform/DataPlatform/tmp/botola_identity/statsbomb_raw/lineups/extracted_date=2026-06-02/run_id=botola_identity_minimal_20260602T203944Z/match_id=4047786/lineups.json,True,2
lineups,/home/platform/DataPlatform/tmp/botola_identity/statsbomb_raw/lineups/extracted_date=2026-06-02/run_id=botola_identity_minimal_20260602T203944Z/match_id=4033442/lineups.json,True,2
lineups,/home/platform/DataPlatform/tmp/botola_identity/statsbomb_raw/lineups/extracted_date=2026-06-02/run_id=botola_identity_minimal_20260602T203944Z/match_id=4034285/lineups.json,True,2
lineups,/home/platform/DataPlatform/tmp/botola_identity/statsbomb_raw/lineups/extracted_date=2026-06-02/run_id=botola_identity_minimal_20260602T203944Z/match_id=4047797/lineups.json,True,2
lineups,/home/platform/DataPlatform/tmp/botola_identity/statsbomb_raw/lineups/extracted_date=2026-06-02/run_id=botola_identity_minimal_20260602T203944Z/match_id=4047789/lineups.json,True,2
lineups,/home/platform/DataPlatform/tmp/botola_identity/statsbomb_raw/lineups/extracted_date=2026-06-02/run_id=botola_identity_minimal_20260602T203944Z/match_id=4034290/lineups.json,False,0
lineups,/home/platform/DataPlatform/tmp/botola_identity/statsbomb_raw/lineups/extracted_date=2026-06-02/run_id=botola_identity_minimal_20260602T203944Z/match_id=4033222/lineups.json,True,2
lineups,/home/platform/DataPlatform/tmp/botola_identity/statsbomb_raw/lineups/extracted_date=2026-06-02/run_id=botola_identity_minimal_20260602T203944Z/match_id=4051543/lineups.json,True,2
lineups,/home/platform/DataPlatform/tmp/botola_identity/statsbomb_raw/lineups/extracted_date=2026-06-02/run_id=botola_identity_minimal_20260602T203944Z/match_id=4057971/lineups.json,True,2
lineups,/home/platform/DataPlatform/tmp/botola_identity/statsbomb_raw/lineups/extracted_date=2026-06-02/run_id=botola_identity_minimal_20260602T203944Z/match_id=4059485/lineups.json,True,2
lineups,/home/platform/DataPlatform/tmp/botola_identity/statsbomb_raw/lineups/extracted_date=2026-06-02/run_id=botola_identity_minimal_20260602T203944Z/match_id=4051485/lineups.json,True,2
lineups,/home/platform/DataPlatform/tmp/botola_identity/statsbomb_raw/lineups/extracted_date=2026-06-02/run_id=botola_identity_minimal_20260602T203944Z/match_id=4034579/lineups.json,True,2
lineups,/home/platform/DataPlatform/tmp/master_data_warehouse_real_3773386/silver/silver_lineups.jsonl,True,44
lineups,/home/platform/DataPlatform/tmp/master_data_warehouse_real_3773386/raw/statsbomb/lineups/3773386/lineups.json.meta.json,True,1
lineups,/home/platform/DataPlatform/tmp/master_data_warehouse_real_3773386/raw/statsbomb/lineups/3773386/lineups.json,True,2
lineups,/home/platform/DataPlatform/tmp/botola_poc/raw/lineups/extracted_date=2026-06-09/run_id=botola_statsbomb_backfill_20260609T104210Z/match_id=3960262/lineups.json,True,2
lineups,/home/platform/DataPlatform/tmp/botola_poc/raw/lineups/extracted_date=2026-06-09/run_id=botola_statsbomb_backfill_20260609T104210Z/match_id=4020498/lineups.json,True,2
lineups,/home/platform/DataPlatform/tmp/botola_poc/raw/lineups/extracted_date=2026-06-09/run_id=botola_statsbomb_backfill_20260609T104210Z/match_id=4020497/lineups.json,True,2
lineups,/home/platform/DataPlatform/tmp/botola_poc/raw/lineups/extracted_date=2026-06-09/run_id=botola_statsbomb_backfill_20260609T104210Z/match_id=3960263/lineups.json,True,2
lineups,/home/platform/DataPlatform/tmp/master_data_warehouse/bronze/bronze_raw_statsbomb_lineups.jsonl,True,22
lineups,/home/platform/DataPlatform/tmp/master_data_warehouse/silver/silver_lineups.jsonl,True,450
lineups,/home/platform/DataPlatform/tmp/master_data_warehouse/raw/statsbomb/lineups/4030232/lineups.json.meta.json,True,1
lineups,/home/platform/DataPlatform/tmp/master_data_warehouse/raw/statsbomb/lineups/4030232/lineups.json,True,2
lineups,/home/platform/DataPlatform/tmp/master_data_warehouse/raw/statsbomb/lineups/4020499/lineups.json.meta.json,True,1
lineups,/home/platform/DataPlatform/tmp/master_data_warehouse/raw/statsbomb/lineups/4020499/lineups.json,True,2
lineups,/home/platform/DataPlatform/tmp/master_data_warehouse/raw/statsbomb/lineups/3943077/lineups.json.meta.json,True,1
lineups,/home/platform/DataPlatform/tmp/master_data_warehouse/raw/statsbomb/lineups/3943077/lineups.json,True,2
lineups,/home/platform/DataPlatform/tmp/master_data_warehouse/raw/statsbomb/lineups/4020501/lineups.json.meta.json,True,1
lineups,/home/platform/DataPlatform/tmp/master_data_warehouse/raw/statsbomb/lineups/4020501/lineups.json,True,2
lineups,/home/platform/DataPlatform/tmp/master_data_warehouse/raw/statsbomb/lineups/4020504/lineups.json.meta.json,True,1
lineups,/home/platform/DataPlatform/tmp/master_data_warehouse/raw/statsbomb/lineups/4020504/lineups.json,True,2
lineups,/home/platform/DataPlatform/tmp/master_data_warehouse/raw/statsbomb/lineups/4020500/lineups.json.meta.json,True,1
lineups,/home/platform/DataPlatform/tmp/master_data_warehouse/raw/statsbomb/lineups/4020500/lineups.json,True,2
lineups,/home/platform/DataPlatform/tmp/master_data_warehouse/raw/statsbomb/lineups/4020498/lineups.json.meta.json,True,1
lineups,/home/platform/DataPlatform/tmp/master_data_warehouse/raw/statsbomb/lineups/4020498/lineups.json,True,2
lineups,/home/platform/DataPlatform/tmp/master_data_warehouse/raw/statsbomb/lineups/4030233/lineups.json.meta.json,True,1
lineups,/home/platform/DataPlatform/tmp/master_data_warehouse/raw/statsbomb/lineups/4030233/lineups.json,True,2
lineups,/home/platform/DataPlatform/tmp/master_data_warehouse/raw/statsbomb/lineups/4020497/lineups.json.meta.json,True,1
lineups,/home/platform/DataPlatform/tmp/master_data_warehouse/raw/statsbomb/lineups/4020497/lineups.json,True,2
lineups,/home/platform/DataPlatform/tmp/master_data_warehouse/raw/statsbomb/lineups/4020502/lineups.json.meta.json,True,1
lineups,/home/platform/DataPlatform/tmp/master_data_warehouse/raw/statsbomb/lineups/4020502/lineups.json,True,2
lineups,/home/platform/DataPlatform/tmp/master_data_warehouse/raw/statsbomb/lineups/4020503/lineups.json.meta.json,True,1
lineups,/home/platform/DataPlatform/tmp/master_data_warehouse/raw/statsbomb/lineups/4020503/lineups.json,True,2
lineups,/home/platform/DataPlatform/lake/raw/statsbomb/lineups/extracted_date=2026-06-27/run_id=botola_statsbomb_backfill_20260627T220356Z/match_id=4020503/lineups.json,True,2
lineups,/home/platform/DataPlatform/lake/raw/statsbomb/lineups/extracted_date=2026-06-27/run_id=botola_statsbomb_backfill_20260627T220356Z/match_id=4020498/lineups.json,True,2
lineups,/home/platform/DataPlatform/lake/raw/statsbomb/lineups/extracted_date=2026-06-27/run_id=botola_statsbomb_backfill_20260627T220356Z/match_id=4030232/lineups.json,True,2
lineups,/home/platform/DataPlatform/lake/raw/statsbomb/lineups/extracted_date=2026-06-27/run_id=botola_statsbomb_backfill_20260627T220356Z/match_id=4020504/lineups.json,True,2
lineups,/home/platform/DataPlatform/lake/raw/statsbomb/lineups/extracted_date=2026-06-27/run_id=botola_statsbomb_backfill_20260627T220356Z/match_id=4020500/lineups.json,True,2
lineups,/home/platform/DataPlatform/lake/raw/statsbomb/lineups/extracted_date=2026-06-27/run_id=botola_statsbomb_backfill_20260627T220356Z/match_id=4020501/lineups.json,True,2
lineups,/home/platform/DataPlatform/lake/raw/statsbomb/lineups/extracted_date=2026-06-27/run_id=botola_statsbomb_backfill_20260627T220356Z/match_id=4020499/lineups.json,True,2
lineups,/home/platform/DataPlatform/lake/raw/statsbomb/lineups/extracted_date=2026-06-27/run_id=botola_statsbomb_backfill_20260627T220356Z/match_id=4020497/lineups.json,True,2
lineups,/home/platform/DataPlatform/lake/raw/statsbomb/lineups/extracted_date=2026-06-27/run_id=botola_statsbomb_backfill_20260627T220356Z/match_id=4030233/lineups.json,True,2
lineups,/home/platform/DataPlatform/lake/raw/statsbomb/lineups/extracted_date=2026-06-27/run_id=botola_statsbomb_backfill_20260627T220356Z/match_id=4020502/lineups.json,True,2
lineups,/home/platform/DataPlatform/tests/fixtures/statsbomb_raw/lineups/extracted_date=2026-05-12/run_id=sample/match_id=99001/lineups.json,True,2
player_match_stats,/home/platform/DataPlatform/tmp/master_data_warehouse_real_3773386/gold/gold_player_match_stats.jsonl,True,34
player_match_stats,/home/platform/DataPlatform/tmp/master_data_warehouse/bronze/bronze_raw_statsbomb_player_match_stats.jsonl,True,350
player_match_stats,/home/platform/DataPlatform/tmp/master_data_warehouse/marts_v2/mart_statsbomb_player_match_stats_direct_v1.jsonl,True,350
player_match_stats,/home/platform/DataPlatform/tmp/master_data_warehouse/gold/gold_player_match_stats.jsonl,True,472
player_match_stats,/home/platform/DataPlatform/tmp/master_data_warehouse/raw/statsbomb/player_match_stats/4030232/player_match_stats.json,True,32
player_match_stats,/home/platform/DataPlatform/tmp/master_data_warehouse/raw/statsbomb/player_match_stats/4030232/player_match_stats.json.meta.json,True,1
player_match_stats,/home/platform/DataPlatform/tmp/master_data_warehouse/raw/statsbomb/player_match_stats/4020499/player_match_stats.json,True,31
player_match_stats,/home/platform/DataPlatform/tmp/master_data_warehouse/raw/statsbomb/player_match_stats/4020499/player_match_stats.json.meta.json,True,1
player_match_stats,/home/platform/DataPlatform/tmp/master_data_warehouse/raw/statsbomb/player_match_stats/3943077/player_match_stats.json,True,34
player_match_stats,/home/platform/DataPlatform/tmp/master_data_warehouse/raw/statsbomb/player_match_stats/3943077/player_match_stats.json.meta.json,True,1
player_match_stats,/home/platform/DataPlatform/tmp/master_data_warehouse/raw/statsbomb/player_match_stats/4020501/player_match_stats.json,True,32
player_match_stats,/home/platform/DataPlatform/tmp/master_data_warehouse/raw/statsbomb/player_match_stats/4020501/player_match_stats.json.meta.json,True,1
player_match_stats,/home/platform/DataPlatform/tmp/master_data_warehouse/raw/statsbomb/player_match_stats/4020504/player_match_stats.json,True,32
player_match_stats,/home/platform/DataPlatform/tmp/master_data_warehouse/raw/statsbomb/player_match_stats/4020504/player_match_stats.json.meta.json,True,1
player_match_stats,/home/platform/DataPlatform/tmp/master_data_warehouse/raw/statsbomb/player_match_stats/4020500/player_match_stats.json,True,31
player_match_stats,/home/platform/DataPlatform/tmp/master_data_warehouse/raw/statsbomb/player_match_stats/4020500/player_match_stats.json.meta.json,True,1
player_match_stats,/home/platform/DataPlatform/tmp/master_data_warehouse/raw/statsbomb/player_match_stats/4020498/player_match_stats.json,True,30
player_match_stats,/home/platform/DataPlatform/tmp/master_data_warehouse/raw/statsbomb/player_match_stats/4020498/player_match_stats.json.meta.json,True,1
player_match_stats,/home/platform/DataPlatform/tmp/master_data_warehouse/raw/statsbomb/player_match_stats/4030233/player_match_stats.json,True,32
player_match_stats,/home/platform/DataPlatform/tmp/master_data_warehouse/raw/statsbomb/player_match_stats/4030233/player_match_stats.json.meta.json,True,1
player_match_stats,/home/platform/DataPlatform/tmp/master_data_warehouse/raw/statsbomb/player_match_stats/4020497/player_match_stats.json,True,32
player_match_stats,/home/platform/DataPlatform/tmp/master_data_warehouse/raw/statsbomb/player_match_stats/4020497/player_match_stats.json.meta.json,True,1
player_match_stats,/home/platform/DataPlatform/tmp/master_data_warehouse/raw/statsbomb/player_match_stats/4020502/player_match_stats.json,True,32
player_match_stats,/home/platform/DataPlatform/tmp/master_data_warehouse/raw/statsbomb/player_match_stats/4020502/player_match_stats.json.meta.json,True,1
player_match_stats,/home/platform/DataPlatform/tmp/master_data_warehouse/raw/statsbomb/player_match_stats/4020503/player_match_stats.json,True,32
player_match_stats,/home/platform/DataPlatform/tmp/master_data_warehouse/raw/statsbomb/player_match_stats/4020503/player_match_stats.json.meta.json,True,1
team_match_stats,/home/platform/DataPlatform/tmp/master_data_warehouse_real_3773386/gold/gold_team_match_stats.jsonl,True,2
team_match_stats,/home/platform/DataPlatform/tmp/master_data_warehouse/bronze/bronze_raw_statsbomb_team_match_stats.jsonl,True,22
team_match_stats,/home/platform/DataPlatform/tmp/master_data_warehouse/marts_v2/mart_statsbomb_team_match_stats_direct_v1.jsonl,True,20
team_match_stats,/home/platform/DataPlatform/tmp/master_data_warehouse/gold/gold_team_match_stats.jsonl,True,22
team_match_stats,/home/platform/DataPlatform/tmp/master_data_warehouse/raw/statsbomb/team_match_stats/4030232/team_match_stats.json.meta.json,True,1
team_match_stats,/home/platform/DataPlatform/tmp/master_data_warehouse/raw/statsbomb/team_match_stats/4030232/team_match_stats.json,True,2
team_match_stats,/home/platform/DataPlatform/tmp/master_data_warehouse/raw/statsbomb/team_match_stats/4020499/team_match_stats.json.meta.json,True,1
team_match_stats,/home/platform/DataPlatform/tmp/master_data_warehouse/raw/statsbomb/team_match_stats/4020499/team_match_stats.json,True,2
team_match_stats,/home/platform/DataPlatform/tmp/master_data_warehouse/raw/statsbomb/team_match_stats/3943077/team_match_stats.json.meta.json,True,1
team_match_stats,/home/platform/DataPlatform/tmp/master_data_warehouse/raw/statsbomb/team_match_stats/3943077/team_match_stats.json,True,2
team_match_stats,/home/platform/DataPlatform/tmp/master_data_warehouse/raw/statsbomb/team_match_stats/4020501/team_match_stats.json.meta.json,True,1
team_match_stats,/home/platform/DataPlatform/tmp/master_data_warehouse/raw/statsbomb/team_match_stats/4020501/team_match_stats.json,True,2
team_match_stats,/home/platform/DataPlatform/tmp/master_data_warehouse/raw/statsbomb/team_match_stats/4020504/team_match_stats.json.meta.json,True,1
team_match_stats,/home/platform/DataPlatform/tmp/master_data_warehouse/raw/statsbomb/team_match_stats/4020504/team_match_stats.json,True,2
team_match_stats,/home/platform/DataPlatform/tmp/master_data_warehouse/raw/statsbomb/team_match_stats/4020500/team_match_stats.json.meta.json,True,1
team_match_stats,/home/platform/DataPlatform/tmp/master_data_warehouse/raw/statsbomb/team_match_stats/4020500/team_match_stats.json,True,2
team_match_stats,/home/platform/DataPlatform/tmp/master_data_warehouse/raw/statsbomb/team_match_stats/4020498/team_match_stats.json.meta.json,True,1
team_match_stats,/home/platform/DataPlatform/tmp/master_data_warehouse/raw/statsbomb/team_match_stats/4020498/team_match_stats.json,True,2
team_match_stats,/home/platform/DataPlatform/tmp/master_data_warehouse/raw/statsbomb/team_match_stats/4030233/team_match_stats.json.meta.json,True,1
team_match_stats,/home/platform/DataPlatform/tmp/master_data_warehouse/raw/statsbomb/team_match_stats/4030233/team_match_stats.json,True,2
team_match_stats,/home/platform/DataPlatform/tmp/master_data_warehouse/raw/statsbomb/team_match_stats/4020497/team_match_stats.json.meta.json,True,1
team_match_stats,/home/platform/DataPlatform/tmp/master_data_warehouse/raw/statsbomb/team_match_stats/4020497/team_match_stats.json,True,2
team_match_stats,/home/platform/DataPlatform/tmp/master_data_warehouse/raw/statsbomb/team_match_stats/4020502/team_match_stats.json.meta.json,True,1
team_match_stats,/home/platform/DataPlatform/tmp/master_data_warehouse/raw/statsbomb/team_match_stats/4020502/team_match_stats.json,True,2
team_match_stats,/home/platform/DataPlatform/tmp/master_data_warehouse/raw/statsbomb/team_match_stats/4020503/team_match_stats.json.meta.json,True,1
team_match_stats,/home/platform/DataPlatform/tmp/master_data_warehouse/raw/statsbomb/team_match_stats/4020503/team_match_stats.json,True,2
player_season_stats,/home/platform/DataPlatform/tmp/master_data_warehouse/bronze/bronze_raw_statsbomb_player_season_stats.jsonl,True,489
player_season_stats,/home/platform/DataPlatform/tmp/master_data_warehouse/marts_v2/mart_statsbomb_player_season_stats_direct_v1.jsonl,True,489
player_season_stats,/home/platform/DataPlatform/tmp/master_data_warehouse/raw/statsbomb/player_season_stats/1229/318/player_season_stats.json,True,489
player_season_stats,/home/platform/DataPlatform/tmp/master_data_warehouse/raw/statsbomb/player_season_stats/1229/318/player_season_stats.json.meta.json,True,1
team_season_stats,/home/platform/DataPlatform/tmp/master_data_warehouse/bronze/bronze_raw_statsbomb_team_season_stats.jsonl,True,16
team_season_stats,/home/platform/DataPlatform/tmp/master_data_warehouse/marts_v2/mart_statsbomb_team_season_stats_direct_v1.jsonl,True,16
team_season_stats,/home/platform/DataPlatform/tmp/master_data_warehouse/raw/statsbomb/team_season_stats/1229/318/team_season_stats.json,True,16
team_season_stats,/home/platform/DataPlatform/tmp/master_data_warehouse/raw/statsbomb/team_season_stats/1229/318/team_season_stats.json.meta.json,True,1
