player_id,player_name,role,team_id,team_name,minutes,research_scouting_score,role_percentile,confidence,confidence_value,strengths,weaknesses,quality_flags,research_only,production_ready,score_label
3252,Oussama Haddadi,CB,2762.0,RSB Berkane,180.0,18.519192,79.545455,low_research_only,0.677083,possession_security;progression,progression;defensive_activity,PARTIAL_DERIVATION_RESEARCH_ONLY;SAMPLE_TOO_SMALL_LOCAL_11_MATCHES_NOT_PRODUCTION_READY,True,False,research_only_event_derived_prototype_not_final_not_provider_direct
3494,Davinson Sánchez Mina,CB,769.0,Colombia,90.0,23.674003,95.454545,low_research_only,0.677083,progression;possession_security,possession_security;defensive_activity,PARTIAL_DERIVATION_RESEARCH_ONLY;SAMPLE_TOO_SMALL_LOCAL_11_MATCHES_NOT_PRODUCTION_READY,True,False,research_only_event_derived_prototype_not_final_not_provider_direct
6725,Zakaria Bakkali,CB,2839.0,Ittihad Tanger,13.65,15.453852,45.454545,low_research_only,0.677083,defensive_activity;progression,progression;possession_security,PARTIAL_DERIVATION_RESEARCH_ONLY;SAMPLE_TOO_SMALL_LOCAL_11_MATCHES_NOT_PRODUCTION_READY,True,False,research_only_event_derived_prototype_not_final_not_provider_direct
7378,Yunis Abdelhamid,CB,2838.0,FAR Rabat,90.0,13.25527,25.0,low_research_only,0.677083,possession_security;progression,progression;defensive_activity,PARTIAL_DERIVATION_RESEARCH_ONLY;SAMPLE_TOO_SMALL_LOCAL_11_MATCHES_NOT_PRODUCTION_READY,True,False,research_only_event_derived_prototype_not_final_not_provider_direct
8861,Bart Meijers,CB,6994.0,Wydad Casablanca,94.85,15.483157,47.727273,low_research_only,0.677083,possession_security;progression,progression;defensive_activity,PARTIAL_DERIVATION_RESEARCH_ONLY;SAMPLE_TOO_SMALL_LOCAL_11_MATCHES_NOT_PRODUCTION_READY,True,False,research_only_event_derived_prototype_not_final_not_provider_direct
20572,Cristian Gabriel Romero,CB,779.0,Argentina,90.0,13.938123,29.545455,low_research_only,0.677083,possession_security;defensive_activity,defensive_activity;progression,PARTIAL_DERIVATION_RESEARCH_ONLY;SAMPLE_TOO_SMALL_LOCAL_11_MATCHES_NOT_PRODUCTION_READY,True,False,research_only_event_derived_prototype_not_final_not_provider_direct
27768,Lisandro Martínez,CB,779.0,Argentina,90.0,11.141022,9.090909,low_research_only,0.677083,possession_security;defensive_activity,defensive_activity;progression,PARTIAL_DERIVATION_RESEARCH_ONLY;SAMPLE_TOO_SMALL_LOCAL_11_MATCHES_NOT_PRODUCTION_READY,True,False,research_only_event_derived_prototype_not_final_not_provider_direct
28567,Carlos Eccehomo Cuesta Figueroa,CB,769.0,Colombia,90.0,17.089885,59.090909,low_research_only,0.677083,possession_security;progression,progression;defensive_activity,PARTIAL_DERIVATION_RESEARCH_ONLY;SAMPLE_TOO_SMALL_LOCAL_11_MATCHES_NOT_PRODUCTION_READY,True,False,research_only_event_derived_prototype_not_final_not_provider_direct
49760,Adil Rhaili,CB,6995.0,Maghreb Fès,90.0,9.416827,4.545455,low_research_only,0.677083,possession_security;progression,progression;defensive_activity,PARTIAL_DERIVATION_RESEARCH_ONLY;SAMPLE_TOO_SMALL_LOCAL_11_MATCHES_NOT_PRODUCTION_READY,True,False,research_only_event_derived_prototype_not_final_not_provider_direct
67700,Badr Banoun,CB,2349.0,Raja Casablanca,90.0,18.65418,81.818182,low_research_only,0.677083,possession_security;progression,progression;defensive_activity,PARTIAL_DERIVATION_RESEARCH_ONLY;SAMPLE_TOO_SMALL_LOCAL_11_MATCHES_NOT_PRODUCTION_READY,True,False,research_only_event_derived_prototype_not_final_not_provider_direct
131244,Ismaël Kandouss,CB,2762.0,RSB Berkane,180.0,19.63357,86.363636,low_research_only,0.677083,possession_security;progression,progression;defensive_activity,PARTIAL_DERIVATION_RESEARCH_ONLY;SAMPLE_TOO_SMALL_LOCAL_11_MATCHES_NOT_PRODUCTION_READY,True,False,research_only_event_derived_prototype_not_final_not_provider_direct
138839,Driss Abdi,CB,25917.0,CODM Meknès,8.866666666666667,29.696903,97.727273,low_research_only,0.677083,possession_security;progression,progression;defensive_activity,PARTIAL_DERIVATION_RESEARCH_ONLY;SAMPLE_TOO_SMALL_LOCAL_11_MATCHES_NOT_PRODUCTION_READY,True,False,research_only_event_derived_prototype_not_final_not_provider_direct
138842,Marouane Hadhoudi,CB,2365.0,Difaâ El Jadida,90.0,17.086153,56.818182,low_research_only,0.677083,defensive_activity;possession_security,possession_security;progression,PARTIAL_DERIVATION_RESEARCH_ONLY;SAMPLE_TOO_SMALL_LOCAL_11_MATCHES_NOT_PRODUCTION_READY,True,False,research_only_event_derived_prototype_not_final_not_provider_direct
138865,Mouhcine Boumlik,CB,2889.0,Olympique Dcheïra,45.0,19.757625,88.636364,low_research_only,0.677083,defensive_activity;possession_security,possession_security;progression,PARTIAL_DERIVATION_RESEARCH_ONLY;SAMPLE_TOO_SMALL_LOCAL_11_MATCHES_NOT_PRODUCTION_READY,True,False,research_only_event_derived_prototype_not_final_not_provider_direct
138871,Karim El Bounagat,CB,25917.0,CODM Meknès,74.2,16.61981,50.0,low_research_only,0.677083,possession_security;progression,progression;defensive_activity,PARTIAL_DERIVATION_RESEARCH_ONLY;SAMPLE_TOO_SMALL_LOCAL_11_MATCHES_NOT_PRODUCTION_READY,True,False,research_only_event_derived_prototype_not_final_not_provider_direct
138918,Marwan Louadni,CB,2838.0,FAR Rabat,90.0,19.024995,84.090909,low_research_only,0.677083,defensive_activity;possession_security,possession_security;progression,PARTIAL_DERIVATION_RESEARCH_ONLY;SAMPLE_TOO_SMALL_LOCAL_11_MATCHES_NOT_PRODUCTION_READY,True,False,research_only_event_derived_prototype_not_final_not_provider_direct
138957,Youssef Limouri,CB,25917.0,CODM Meknès,90.0,17.409899,63.636364,low_research_only,0.677083,possession_security;progression,progression;defensive_activity,PARTIAL_DERIVATION_RESEARCH_ONLY;SAMPLE_TOO_SMALL_LOCAL_11_MATCHES_NOT_PRODUCTION_READY,True,False,research_only_event_derived_prototype_not_final_not_provider_direct
138958,Mouad Bahsain,CB,2761.0,FUS Rabat,89.53333333333333,12.518205,20.454545,low_research_only,0.677083,defensive_activity;possession_security,possession_security;progression,PARTIAL_DERIVATION_RESEARCH_ONLY;SAMPLE_TOO_SMALL_LOCAL_11_MATCHES_NOT_PRODUCTION_READY,True,False,research_only_event_derived_prototype_not_final_not_provider_direct
138998,Abdellah Khafifi,CB,2349.0,Raja Casablanca,90.0,18.28503,77.272727,low_research_only,0.677083,possession_security;progression,progression;defensive_activity,PARTIAL_DERIVATION_RESEARCH_ONLY;SAMPLE_TOO_SMALL_LOCAL_11_MATCHES_NOT_PRODUCTION_READY,True,False,research_only_event_derived_prototype_not_final_not_provider_direct
139023,Amine Aboulfath,CB,6994.0,Wydad Casablanca,94.85,17.862086,72.727273,low_research_only,0.677083,possession_security;progression,progression;defensive_activity,PARTIAL_DERIVATION_RESEARCH_ONLY;SAMPLE_TOO_SMALL_LOCAL_11_MATCHES_NOT_PRODUCTION_READY,True,False,research_only_event_derived_prototype_not_final_not_provider_direct
139556,Bilal El Ouadghiri,CB,2839.0,Ittihad Tanger,123.83333333333334,14.821209,38.636364,low_research_only,0.677083,possession_security;progression,progression;defensive_activity,PARTIAL_DERIVATION_RESEARCH_ONLY;SAMPLE_TOO_SMALL_LOCAL_11_MATCHES_NOT_PRODUCTION_READY,True,False,research_only_event_derived_prototype_not_final_not_provider_direct
140881,Yassine Kordani,CB,6989.0,Olympic Safi,118.55,16.751253,54.545455,low_research_only,0.677083,possession_security;progression,progression;defensive_activity,PARTIAL_DERIVATION_RESEARCH_ONLY;SAMPLE_TOO_SMALL_LOCAL_11_MATCHES_NOT_PRODUCTION_READY,True,False,research_only_event_derived_prototype_not_final_not_provider_direct
143160,Anouar Tarkhatt,CB,6989.0,Olympic Safi,103.35,12.29769,15.909091,low_research_only,0.677083,possession_security;defensive_activity,defensive_activity;progression,PARTIAL_DERIVATION_RESEARCH_ONLY;SAMPLE_TOO_SMALL_LOCAL_11_MATCHES_NOT_PRODUCTION_READY,True,False,research_only_event_derived_prototype_not_final_not_provider_direct
157113,Badr Gaddarine,CB,2839.0,Ittihad Tanger,180.0,21.929325,93.181818,low_research_only,0.677083,possession_security;progression,progression;defensive_activity,PARTIAL_DERIVATION_RESEARCH_ONLY;SAMPLE_TOO_SMALL_LOCAL_11_MATCHES_NOT_PRODUCTION_READY,True,False,research_only_event_derived_prototype_not_final_not_provider_direct
202502,Soulaimane El Amrani,CB,6992.0,Hassania Agadir,90.0,9.136156,2.272727,low_research_only,0.677083,defensive_activity;possession_security,possession_security;progression,PARTIAL_DERIVATION_RESEARCH_ONLY;SAMPLE_TOO_SMALL_LOCAL_11_MATCHES_NOT_PRODUCTION_READY,True,False,research_only_event_derived_prototype_not_final_not_provider_direct
313280,André Yassine Madeira El Khalej,CB,11935.0,UTS Rabat,90.0,11.562185,11.363636,low_research_only,0.677083,possession_security;progression,progression;defensive_activity,PARTIAL_DERIVATION_RESEARCH_ONLY;SAMPLE_TOO_SMALL_LOCAL_11_MATCHES_NOT_PRODUCTION_READY,True,False,research_only_event_derived_prototype_not_final_not_provider_direct
313283,Tahar Ahmed Madeira El Khalej,CB,11935.0,UTS Rabat,90.0,17.154867,61.363636,low_research_only,0.677083,possession_security;defensive_activity,defensive_activity;progression,PARTIAL_DERIVATION_RESEARCH_ONLY;SAMPLE_TOO_SMALL_LOCAL_11_MATCHES_NOT_PRODUCTION_READY,True,False,research_only_event_derived_prototype_not_final_not_provider_direct
314452,Zouhair Marour,CB,36100.0,US Yacoub El Mansour,90.0,17.535651,65.909091,low_research_only,0.677083,defensive_activity;possession_security,possession_security;progression,PARTIAL_DERIVATION_RESEARCH_ONLY;SAMPLE_TOO_SMALL_LOCAL_11_MATCHES_NOT_PRODUCTION_READY,True,False,research_only_event_derived_prototype_not_final_not_provider_direct
314465,Yassine Amhih,CB,2761.0,FUS Rabat,90.0,11.76044,13.636364,low_research_only,0.677083,possession_security;defensive_activity,defensive_activity;progression,PARTIAL_DERIVATION_RESEARCH_ONLY;SAMPLE_TOO_SMALL_LOCAL_11_MATCHES_NOT_PRODUCTION_READY,True,False,research_only_event_derived_prototype_not_final_not_provider_direct
314466,Mohamed Saoud,CB,2839.0,Ittihad Tanger,180.0,16.709513,52.272727,low_research_only,0.677083,possession_security;progression,progression;defensive_activity,PARTIAL_DERIVATION_RESEARCH_ONLY;SAMPLE_TOO_SMALL_LOCAL_11_MATCHES_NOT_PRODUCTION_READY,True,False,research_only_event_derived_prototype_not_final_not_provider_direct
332384,Ismail Al Alami,CB,36099.0,KAC Marrakech,22.15,18.00459,75.0,low_research_only,0.677083,progression;defensive_activity,defensive_activity;possession_security,PARTIAL_DERIVATION_RESEARCH_ONLY;SAMPLE_TOO_SMALL_LOCAL_11_MATCHES_NOT_PRODUCTION_READY,True,False,research_only_event_derived_prototype_not_final_not_provider_direct
338916,Johnstone Omurwa,CB,36099.0,KAC Marrakech,79.6,13.773372,27.272727,low_research_only,0.677083,possession_security;defensive_activity,defensive_activity;progression,PARTIAL_DERIVATION_RESEARCH_ONLY;SAMPLE_TOO_SMALL_LOCAL_11_MATCHES_NOT_PRODUCTION_READY,True,False,research_only_event_derived_prototype_not_final_not_provider_direct
363239,Bilal Soufi,CB,18552.0,Renaissance Zemamra,81.16666666666666,12.956407,22.727273,low_research_only,0.677083,possession_security;progression,progression;defensive_activity,PARTIAL_DERIVATION_RESEARCH_ONLY;SAMPLE_TOO_SMALL_LOCAL_11_MATCHES_NOT_PRODUCTION_READY,True,False,research_only_event_derived_prototype_not_final_not_provider_direct
407555,James Monday Ajako,CB,18552.0,Renaissance Zemamra,90.0,14.94533,43.181818,low_research_only,0.677083,possession_security;progression,progression;defensive_activity,PARTIAL_DERIVATION_RESEARCH_ONLY;SAMPLE_TOO_SMALL_LOCAL_11_MATCHES_NOT_PRODUCTION_READY,True,False,research_only_event_derived_prototype_not_final_not_provider_direct
409303,Faraji Karmoune,CB,6989.0,Olympic Safi,181.48333333333332,17.629599,68.181818,low_research_only,0.677083,possession_security;defensive_activity,defensive_activity;progression,PARTIAL_DERIVATION_RESEARCH_ONLY;SAMPLE_TOO_SMALL_LOCAL_11_MATCHES_NOT_PRODUCTION_READY,True,False,research_only_event_derived_prototype_not_final_not_provider_direct
419744,Driss El Jabali,CB,6995.0,Maghreb Fès,90.0,14.164485,31.818182,low_research_only,0.677083,defensive_activity;possession_security,possession_security;progression,PARTIAL_DERIVATION_RESEARCH_ONLY;SAMPLE_TOO_SMALL_LOCAL_11_MATCHES_NOT_PRODUCTION_READY,True,False,research_only_event_derived_prototype_not_final_not_provider_direct
422075,Zakary Lamgahez,CB,6992.0,Hassania Agadir,90.0,9.77696,6.818182,low_research_only,0.677083,defensive_activity;possession_security,possession_security;progression,PARTIAL_DERIVATION_RESEARCH_ONLY;SAMPLE_TOO_SMALL_LOCAL_11_MATCHES_NOT_PRODUCTION_READY,True,False,research_only_event_derived_prototype_not_final_not_provider_direct
442093,Yassine Fatine,CB,2365.0,Difaâ El Jadida,90.0,20.355745,90.909091,low_research_only,0.677083,possession_security;defensive_activity,defensive_activity;progression,PARTIAL_DERIVATION_RESEARCH_ONLY;SAMPLE_TOO_SMALL_LOCAL_11_MATCHES_NOT_PRODUCTION_READY,True,False,research_only_event_derived_prototype_not_final_not_provider_direct
477678,Cheick Keita,CB,2889.0,Olympique Dcheïra,45.0,14.188168,34.090909,low_research_only,0.677083,possession_security;defensive_activity,defensive_activity;progression,PARTIAL_DERIVATION_RESEARCH_ONLY;SAMPLE_TOO_SMALL_LOCAL_11_MATCHES_NOT_PRODUCTION_READY,True,False,research_only_event_derived_prototype_not_final_not_provider_direct
522354,Akram El Hamdaoui,CB,36099.0,KAC Marrakech,47.63333333333333,17.735504,70.454545,low_research_only,0.677083,possession_security;progression,progression;defensive_activity,PARTIAL_DERIVATION_RESEARCH_ONLY;SAMPLE_TOO_SMALL_LOCAL_11_MATCHES_NOT_PRODUCTION_READY,True,False,research_only_event_derived_prototype_not_final_not_provider_direct
522357,Mohamed Adam Benhita,CB,36099.0,KAC Marrakech,180.0,14.877413,40.909091,low_research_only,0.677083,possession_security;defensive_activity,defensive_activity;progression,PARTIAL_DERIVATION_RESEARCH_ONLY;SAMPLE_TOO_SMALL_LOCAL_11_MATCHES_NOT_PRODUCTION_READY,True,False,research_only_event_derived_prototype_not_final_not_provider_direct
523290,Achraf Zine,CB,36100.0,US Yacoub El Mansour,90.0,14.475481,36.363636,low_research_only,0.677083,possession_security;defensive_activity,defensive_activity;progression,PARTIAL_DERIVATION_RESEARCH_ONLY;SAMPLE_TOO_SMALL_LOCAL_11_MATCHES_NOT_PRODUCTION_READY,True,False,research_only_event_derived_prototype_not_final_not_provider_direct
523317,Ismail Soubai,CB,2889.0,Olympique Dcheïra,90.0,12.317774,18.181818,low_research_only,0.677083,progression;possession_security,possession_security;defensive_activity,PARTIAL_DERIVATION_RESEARCH_ONLY;SAMPLE_TOO_SMALL_LOCAL_11_MATCHES_NOT_PRODUCTION_READY,True,False,research_only_event_derived_prototype_not_final_not_provider_direct
524512,Reda Ait Boughima,CB,18552.0,Renaissance Zemamra,6.5,48.855347,100.0,low_research_only,0.677083,progression;possession_security,possession_security;defensive_activity,PARTIAL_DERIVATION_RESEARCH_ONLY;SAMPLE_TOO_SMALL_LOCAL_11_MATCHES_NOT_PRODUCTION_READY,True,False,research_only_event_derived_prototype_not_final_not_provider_direct
3319,Yacine Bammou,CF,11935.0,UTS Rabat,90.0,6.185605,51.219512,low_research_only,0.6875,pressing;box_presence,link_play;shot_threat,PARTIAL_DERIVATION_RESEARCH_ONLY;SAMPLE_TOO_SMALL_LOCAL_11_MATCHES_NOT_PRODUCTION_READY,True,False,research_only_event_derived_prototype_not_final_not_provider_direct
5503,Lionel Andrés Messi Cuccittini,CF,779.0,Argentina,65.28333333333333,4.043084,34.146341,low_research_only,0.6875,link_play;box_presence,shot_threat;pressing,PARTIAL_DERIVATION_RESEARCH_ONLY;SAMPLE_TOO_SMALL_LOCAL_11_MATCHES_NOT_PRODUCTION_READY,True,False,research_only_event_derived_prototype_not_final_not_provider_direct
5726,Khalid Boutaïb,CF,36099.0,KAC Marrakech,12.55,6.713841,56.097561,low_research_only,0.6875,pressing;box_presence,link_play;shot_threat,PARTIAL_DERIVATION_RESEARCH_ONLY;SAMPLE_TOO_SMALL_LOCAL_11_MATCHES_NOT_PRODUCTION_READY,True,False,research_only_event_derived_prototype_not_final_not_provider_direct
8817,Jhon Andrés Córdoba Copete,CF,769.0,Colombia,87.86666666666666,4.580709,36.585366,low_research_only,0.6875,box_presence;shot_threat,link_play;pressing,PARTIAL_DERIVATION_RESEARCH_ONLY;SAMPLE_TOO_SMALL_LOCAL_11_MATCHES_NOT_PRODUCTION_READY,True,False,research_only_event_derived_prototype_not_final_not_provider_direct
9253,Moussa Koné,CF,6989.0,Olympic Safi,56.71666666666667,16.317498,92.682927,low_research_only,0.6875,shot_threat;box_presence,link_play;pressing,PARTIAL_DERIVATION_RESEARCH_ONLY;SAMPLE_TOO_SMALL_LOCAL_11_MATCHES_NOT_PRODUCTION_READY,True,False,research_only_event_derived_prototype_not_final_not_provider_direct
20687,Nicolás Iván González,CF,779.0,Argentina,50.8,11.844939,82.926829,low_research_only,0.6875,pressing;box_presence,shot_threat;link_play,PARTIAL_DERIVATION_RESEARCH_ONLY;SAMPLE_TOO_SMALL_LOCAL_11_MATCHES_NOT_PRODUCTION_READY,True,False,research_only_event_derived_prototype_not_final_not_provider_direct
27158,Luis Fernando Díaz Marulanda,CF,769.0,Colombia,105.0,3.942732,31.707317,low_research_only,0.6875,pressing;link_play,box_presence;shot_threat,PARTIAL_DERIVATION_RESEARCH_ONLY;SAMPLE_TOO_SMALL_LOCAL_11_MATCHES_NOT_PRODUCTION_READY,True,False,research_only_event_derived_prototype_not_final_not_provider_direct
28266,Rafael Santos Borré Maury,CF,769.0,Colombia,2.1333333333333333,22.185724,95.121951,low_research_only,0.6875,pressing;link_play,box_presence;shot_threat,PARTIAL_DERIVATION_RESEARCH_ONLY;SAMPLE_TOO_SMALL_LOCAL_11_MATCHES_NOT_PRODUCTION_READY,True,False,research_only_event_derived_prototype_not_final_not_provider_direct
29560,Julián Álvarez,CF,779.0,Argentina,96.05,2.446658,24.390244,low_research_only,0.6875,pressing;box_presence,shot_threat;link_play,PARTIAL_DERIVATION_RESEARCH_ONLY;SAMPLE_TOO_SMALL_LOCAL_11_MATCHES_NOT_PRODUCTION_READY,True,False,research_only_event_derived_prototype_not_final_not_provider_direct
38423,Siriki Sanogo,CF,2839.0,Ittihad Tanger,32.63333333333333,7.608846,63.414634,low_research_only,0.6875,pressing;link_play,box_presence;shot_threat,PARTIAL_DERIVATION_RESEARCH_ONLY;SAMPLE_TOO_SMALL_LOCAL_11_MATCHES_NOT_PRODUCTION_READY,True,False,research_only_event_derived_prototype_not_final_not_provider_direct
138876,Hamza Khaba,CF,2838.0,FAR Rabat,69.98333333333333,5.224057,43.902439,low_research_only,0.6875,pressing;box_presence,shot_threat;link_play,PARTIAL_DERIVATION_RESEARCH_ONLY;SAMPLE_TOO_SMALL_LOCAL_11_MATCHES_NOT_PRODUCTION_READY,True,False,research_only_event_derived_prototype_not_final_not_provider_direct
138936,Abderrazak Ennakouss,CF,2365.0,Difaâ El Jadida,12.716666666666669,2.322966,21.95122,low_research_only,0.6875,link_play;pressing,box_presence;shot_threat,PARTIAL_DERIVATION_RESEARCH_ONLY;SAMPLE_TOO_SMALL_LOCAL_11_MATCHES_NOT_PRODUCTION_READY,True,False,research_only_event_derived_prototype_not_final_not_provider_direct
139004,Zakaria Bahrou,CF,18552.0,Renaissance Zemamra,62.03333333333333,8.397681,68.292683,low_research_only,0.6875,box_presence;shot_threat,pressing;link_play,PARTIAL_DERIVATION_RESEARCH_ONLY;SAMPLE_TOO_SMALL_LOCAL_11_MATCHES_NOT_PRODUCTION_READY,True,False,research_only_event_derived_prototype_not_final_not_provider_direct
139566,Youssef Elfahli,CF,2838.0,FAR Rabat,90.0,7.89804,65.853659,low_research_only,0.6875,box_presence;shot_threat,pressing;link_play,PARTIAL_DERIVATION_RESEARCH_ONLY;SAMPLE_TOO_SMALL_LOCAL_11_MATCHES_NOT_PRODUCTION_READY,True,False,research_only_event_derived_prototype_not_final_not_provider_direct
140867,Ismail Khafi,CF,2349.0,Raja Casablanca,90.51666666666668,1.372314,14.634146,low_research_only,0.6875,pressing;link_play,box_presence;shot_threat,PARTIAL_DERIVATION_RESEARCH_ONLY;SAMPLE_TOO_SMALL_LOCAL_11_MATCHES_NOT_PRODUCTION_READY,True,False,research_only_event_derived_prototype_not_final_not_provider_direct
140886,Mustapha Sahd,CF,25917.0,CODM Meknès,20.28333333333333,12.012954,85.365854,low_research_only,0.6875,box_presence;link_play,pressing;shot_threat,PARTIAL_DERIVATION_RESEARCH_ONLY;SAMPLE_TOO_SMALL_LOCAL_11_MATCHES_NOT_PRODUCTION_READY,True,False,research_only_event_derived_prototype_not_final_not_provider_direct
140887,Haytham El Bahja,CF,2839.0,Ittihad Tanger,133.13333333333333,4.951253,39.02439,low_research_only,0.6875,pressing;box_presence,shot_threat;link_play,PARTIAL_DERIVATION_RESEARCH_ONLY;SAMPLE_TOO_SMALL_LOCAL_11_MATCHES_NOT_PRODUCTION_READY,True,False,research_only_event_derived_prototype_not_final_not_provider_direct
141808,Charki El Bahri,CF,6989.0,Olympic Safi,123.28333333333332,1.051424,9.756098,low_research_only,0.6875,box_presence;link_play,shot_threat;pressing,PARTIAL_DERIVATION_RESEARCH_ONLY;SAMPLE_TOO_SMALL_LOCAL_11_MATCHES_NOT_PRODUCTION_READY,True,False,research_only_event_derived_prototype_not_final_not_provider_direct
143504,Oussama Lamlaoui,CF,2762.0,RSB Berkane,141.26666666666665,8.702279,73.170732,low_research_only,0.6875,box_presence;shot_threat,pressing;link_play,PARTIAL_DERIVATION_RESEARCH_ONLY;SAMPLE_TOO_SMALL_LOCAL_11_MATCHES_NOT_PRODUCTION_READY,True,False,research_only_event_derived_prototype_not_final_not_provider_direct
155347,Ayoub Mouloua,CF,2761.0,FUS Rabat,29.05,3.869351,29.268293,low_research_only,0.6875,link_play;box_presence,pressing;shot_threat,PARTIAL_DERIVATION_RESEARCH_ONLY;SAMPLE_TOO_SMALL_LOCAL_11_MATCHES_NOT_PRODUCTION_READY,True,False,research_only_event_derived_prototype_not_final_not_provider_direct
155705,Soufiane Benjdida,CF,6995.0,Maghreb Fès,81.33333333333333,9.178964,75.609756,low_research_only,0.6875,pressing;shot_threat,box_presence;link_play,PARTIAL_DERIVATION_RESEARCH_ONLY;SAMPLE_TOO_SMALL_LOCAL_11_MATCHES_NOT_PRODUCTION_READY,True,False,research_only_event_derived_prototype_not_final_not_provider_direct
312936,Hamza Hannouri,CF,6994.0,Wydad Casablanca,90.0,6.084181,48.780488,low_research_only,0.6875,pressing;link_play,box_presence;shot_threat,PARTIAL_DERIVATION_RESEARCH_ONLY;SAMPLE_TOO_SMALL_LOCAL_11_MATCHES_NOT_PRODUCTION_READY,True,False,research_only_event_derived_prototype_not_final_not_provider_direct
335508,Paul Valère Bassène,CF,2762.0,RSB Berkane,38.73333333333333,6.751018,60.97561,low_research_only,0.6875,link_play;box_presence,pressing;shot_threat,PARTIAL_DERIVATION_RESEARCH_ONLY;SAMPLE_TOO_SMALL_LOCAL_11_MATCHES_NOT_PRODUCTION_READY,True,False,research_only_event_derived_prototype_not_final_not_provider_direct
360406,Imad Khannouss,CF,25917.0,CODM Meknès,90.0,6.617239,53.658537,low_research_only,0.6875,pressing;box_presence,shot_threat;link_play,PARTIAL_DERIVATION_RESEARCH_ONLY;SAMPLE_TOO_SMALL_LOCAL_11_MATCHES_NOT_PRODUCTION_READY,True,False,research_only_event_derived_prototype_not_final_not_provider_direct
363450,Youssef Riani,CF,36099.0,KAC Marrakech,134.33333333333334,8.633626,70.731707,low_research_only,0.6875,pressing;link_play,box_presence;shot_threat,PARTIAL_DERIVATION_RESEARCH_ONLY;SAMPLE_TOO_SMALL_LOCAL_11_MATCHES_NOT_PRODUCTION_READY,True,False,research_only_event_derived_prototype_not_final_not_provider_direct
380596,Alí El Harrak El Harrak,CF,2761.0,FUS Rabat,90.00000000000001,5.628602,46.341463,low_research_only,0.6875,pressing;link_play,box_presence;shot_threat,PARTIAL_DERIVATION_RESEARCH_ONLY;SAMPLE_TOO_SMALL_LOCAL_11_MATCHES_NOT_PRODUCTION_READY,True,False,research_only_event_derived_prototype_not_final_not_provider_direct
393385,Nawfal Chninak,CF,2839.0,Ittihad Tanger,3.983333333333333,1.011044,7.317073,low_research_only,0.6875,link_play;pressing,box_presence;shot_threat,PARTIAL_DERIVATION_RESEARCH_ONLY;SAMPLE_TOO_SMALL_LOCAL_11_MATCHES_NOT_PRODUCTION_READY,True,False,research_only_event_derived_prototype_not_final_not_provider_direct
406860,Abdelaziz El Hamzaoui,CF,18552.0,Renaissance Zemamra,27.966666666666665,0.817697,4.878049,low_research_only,0.6875,pressing;link_play,box_presence;shot_threat,PARTIAL_DERIVATION_RESEARCH_ONLY;SAMPLE_TOO_SMALL_LOCAL_11_MATCHES_NOT_PRODUCTION_READY,True,False,research_only_event_derived_prototype_not_final_not_provider_direct
409301,Jawad Ghabra,CF,2839.0,Ittihad Tanger,118.58333333333331,9.742561,80.487805,low_research_only,0.6875,pressing;box_presence,shot_threat;link_play,PARTIAL_DERIVATION_RESEARCH_ONLY;SAMPLE_TOO_SMALL_LOCAL_11_MATCHES_NOT_PRODUCTION_READY,True,False,research_only_event_derived_prototype_not_final_not_provider_direct
416299,Mohamed Amine Katiba,CF,6992.0,Hassania Agadir,7.066666666666666,0.750928,2.439024,low_research_only,0.6875,box_presence;link_play,pressing;shot_threat,PARTIAL_DERIVATION_RESEARCH_ONLY;SAMPLE_TOO_SMALL_LOCAL_11_MATCHES_NOT_PRODUCTION_READY,True,False,research_only_event_derived_prototype_not_final_not_provider_direct
442295,Reda Abardi,CF,2889.0,Olympique Dcheïra,9.233333333333333,1.075689,12.195122,low_research_only,0.6875,pressing;link_play,box_presence;shot_threat,PARTIAL_DERIVATION_RESEARCH_ONLY;SAMPLE_TOO_SMALL_LOCAL_11_MATCHES_NOT_PRODUCTION_READY,True,False,research_only_event_derived_prototype_not_final_not_provider_direct
453613,Baba Bello Ilou,CF,6992.0,Hassania Agadir,82.93333333333334,12.957534,87.804878,low_research_only,0.6875,shot_threat;box_presence,pressing;link_play,PARTIAL_DERIVATION_RESEARCH_ONLY;SAMPLE_TOO_SMALL_LOCAL_11_MATCHES_NOT_PRODUCTION_READY,True,False,research_only_event_derived_prototype_not_final_not_provider_direct
462167,Livty Kpolo,CF,2839.0,Ittihad Tanger,70.2,2.165867,19.512195,low_research_only,0.6875,pressing;link_play,box_presence;shot_threat,PARTIAL_DERIVATION_RESEARCH_ONLY;SAMPLE_TOO_SMALL_LOCAL_11_MATCHES_NOT_PRODUCTION_READY,True,False,research_only_event_derived_prototype_not_final_not_provider_direct
477684,Brahim Amzili,CF,2889.0,Olympique Dcheïra,80.76666666666667,2.752278,26.829268,low_research_only,0.6875,pressing;box_presence,link_play;shot_threat,PARTIAL_DERIVATION_RESEARCH_ONLY;SAMPLE_TOO_SMALL_LOCAL_11_MATCHES_NOT_PRODUCTION_READY,True,False,research_only_event_derived_prototype_not_final_not_provider_direct
503286,Mehdi Balouk,CF,36100.0,US Yacoub El Mansour,64.85,5.039741,41.463415,low_research_only,0.6875,box_presence;pressing,shot_threat;link_play,PARTIAL_DERIVATION_RESEARCH_ONLY;SAMPLE_TOO_SMALL_LOCAL_11_MATCHES_NOT_PRODUCTION_READY,True,False,research_only_event_derived_prototype_not_final_not_provider_direct
522339,Souleymane Cissé,CF,36099.0,KAC Marrakech,26.75,15.095665,90.243902,low_research_only,0.6875,shot_threat;pressing,box_presence;link_play,PARTIAL_DERIVATION_RESEARCH_ONLY;SAMPLE_TOO_SMALL_LOCAL_11_MATCHES_NOT_PRODUCTION_READY,True,False,research_only_event_derived_prototype_not_final_not_provider_direct
522342,Younes El Bahraoui,CF,36099.0,KAC Marrakech,102.51666666666668,6.738213,58.536585,low_research_only,0.6875,box_presence;pressing,shot_threat;link_play,PARTIAL_DERIVATION_RESEARCH_ONLY;SAMPLE_TOO_SMALL_LOCAL_11_MATCHES_NOT_PRODUCTION_READY,True,False,research_only_event_derived_prototype_not_final_not_provider_direct
523311,Anas Jabroun,CF,36100.0,US Yacoub El Mansour,25.15,9.740519,78.04878,low_research_only,0.6875,pressing;box_presence,shot_threat;link_play,PARTIAL_DERIVATION_RESEARCH_ONLY;SAMPLE_TOO_SMALL_LOCAL_11_MATCHES_NOT_PRODUCTION_READY,True,False,research_only_event_derived_prototype_not_final_not_provider_direct
524001,Nasreddine Moustaghfir,CF,11935.0,UTS Rabat,12.483333333333333,42.234156,100.0,low_research_only,0.6875,shot_threat;box_presence,pressing;link_play,PARTIAL_DERIVATION_RESEARCH_ONLY;SAMPLE_TOO_SMALL_LOCAL_11_MATCHES_NOT_PRODUCTION_READY,True,False,research_only_event_derived_prototype_not_final_not_provider_direct
524246,Youness El Kaabi,CF,2762.0,RSB Berkane,13.666666666666666,23.252105,97.560976,low_research_only,0.6875,pressing;box_presence,shot_threat;link_play,PARTIAL_DERIVATION_RESEARCH_ONLY;SAMPLE_TOO_SMALL_LOCAL_11_MATCHES_NOT_PRODUCTION_READY,True,False,research_only_event_derived_prototype_not_final_not_provider_direct
524392,Romuald Dacosta,CF,2365.0,Difaâ El Jadida,77.28333333333333,1.862512,17.073171,low_research_only,0.6875,pressing;link_play,box_presence;shot_threat,PARTIAL_DERIVATION_RESEARCH_ONLY;SAMPLE_TOO_SMALL_LOCAL_11_MATCHES_NOT_PRODUCTION_READY,True,False,research_only_event_derived_prototype_not_final_not_provider_direct
5507,Nicolás Alejandro Tagliafico,FB,779.0,Argentina,116.61666666666666,4.982483,48.93617,low_research_only,0.65625,defensive_activity;crossing,carrying;wide_progression,PARTIAL_DERIVATION_RESEARCH_ONLY;SAMPLE_TOO_SMALL_LOCAL_11_MATCHES_NOT_PRODUCTION_READY,True,False,research_only_event_derived_prototype_not_final_not_provider_direct
5691,Johan Andrés Mojica Palacio,FB,769.0,Colombia,90.0,12.827403,95.744681,low_research_only,0.65625,defensive_activity;crossing,carrying;wide_progression,PARTIAL_DERIVATION_RESEARCH_ONLY;SAMPLE_TOO_SMALL_LOCAL_11_MATCHES_NOT_PRODUCTION_READY,True,False,research_only_event_derived_prototype_not_final_not_provider_direct
5696,Santiago Arias Naranjo,FB,769.0,Colombia,90.0,5.760036,61.702128,low_research_only,0.65625,crossing;defensive_activity,carrying;wide_progression,PARTIAL_DERIVATION_RESEARCH_ONLY;SAMPLE_TOO_SMALL_LOCAL_11_MATCHES_NOT_PRODUCTION_READY,True,False,research_only_event_derived_prototype_not_final_not_provider_direct
28263,Gonzalo Ariel Montiel,FB,779.0,Argentina,71.28333333333333,2.953558,17.021277,low_research_only,0.65625,crossing;defensive_activity,carrying;wide_progression,PARTIAL_DERIVATION_RESEARCH_ONLY;SAMPLE_TOO_SMALL_LOCAL_11_MATCHES_NOT_PRODUCTION_READY,True,False,research_only_event_derived_prototype_not_final_not_provider_direct
29201,Nahuel Molina Lucero,FB,779.0,Argentina,45.333333333333336,1.16082,4.255319,low_research_only,0.65625,defensive_activity;carrying,wide_progression;crossing,PARTIAL_DERIVATION_RESEARCH_ONLY;SAMPLE_TOO_SMALL_LOCAL_11_MATCHES_NOT_PRODUCTION_READY,True,False,research_only_event_derived_prototype_not_final_not_provider_direct
29391,Nassim Ouammou,FB,6992.0,Hassania Agadir,90.0,5.757015,59.574468,low_research_only,0.65625,defensive_activity;crossing,carrying;wide_progression,PARTIAL_DERIVATION_RESEARCH_ONLY;SAMPLE_TOO_SMALL_LOCAL_11_MATCHES_NOT_PRODUCTION_READY,True,False,research_only_event_derived_prototype_not_final_not_provider_direct
81364,Euclides da Silva Cabral,FB,6992.0,Hassania Agadir,69.25,3.943781,23.404255,low_research_only,0.65625,defensive_activity;crossing,carrying;wide_progression,PARTIAL_DERIVATION_RESEARCH_ONLY;SAMPLE_TOO_SMALL_LOCAL_11_MATCHES_NOT_PRODUCTION_READY,True,False,research_only_event_derived_prototype_not_final_not_provider_direct
135851,Augusto de Jesus Corte Real Carneiro,FB,2838.0,FAR Rabat,82.18333333333334,4.724509,40.425532,low_research_only,0.65625,defensive_activity;crossing,carrying;wide_progression,PARTIAL_DERIVATION_RESEARCH_ONLY;SAMPLE_TOO_SMALL_LOCAL_11_MATCHES_NOT_PRODUCTION_READY,True,False,research_only_event_derived_prototype_not_final_not_provider_direct
136023,Rodrigue Kossi Fiogbé,FB,6992.0,Hassania Agadir,20.75,7.960596,85.106383,low_research_only,0.65625,defensive_activity;carrying,wide_progression;crossing,PARTIAL_DERIVATION_RESEARCH_ONLY;SAMPLE_TOO_SMALL_LOCAL_11_MATCHES_NOT_PRODUCTION_READY,True,False,research_only_event_derived_prototype_not_final_not_provider_direct
138843,Abdelilah Madkour,FB,6995.0,Maghreb Fès,93.91666666666669,0.804242,2.12766,low_research_only,0.65625,defensive_activity;wide_progression,crossing;carrying,PARTIAL_DERIVATION_RESEARCH_ONLY;SAMPLE_TOO_SMALL_LOCAL_11_MATCHES_NOT_PRODUCTION_READY,True,False,research_only_event_derived_prototype_not_final_not_provider_direct
138910,Jamal Ech-Chammakh,FB,2838.0,FAR Rabat,7.65,4.349784,29.787234,low_research_only,0.65625,crossing;carrying,wide_progression;defensive_activity,PARTIAL_DERIVATION_RESEARCH_ONLY;SAMPLE_TOO_SMALL_LOCAL_11_MATCHES_NOT_PRODUCTION_READY,True,False,research_only_event_derived_prototype_not_final_not_provider_direct
138927,Saad El Morsli,FB,6989.0,Olympic Safi,181.48333333333332,6.359212,72.340426,low_research_only,0.65625,defensive_activity;crossing,carrying;wide_progression,PARTIAL_DERIVATION_RESEARCH_ONLY;SAMPLE_TOO_SMALL_LOCAL_11_MATCHES_NOT_PRODUCTION_READY,True,False,research_only_event_derived_prototype_not_final_not_provider_direct
138945,Mohamed Boulacsout,FB,2349.0,Raja Casablanca,90.51666666666668,4.329765,27.659574,low_research_only,0.65625,defensive_activity;crossing,carrying;wide_progression,PARTIAL_DERIVATION_RESEARCH_ONLY;SAMPLE_TOO_SMALL_LOCAL_11_MATCHES_NOT_PRODUCTION_READY,True,False,research_only_event_derived_prototype_not_final_not_provider_direct
138949,Ayoub Boucheta,FB,6994.0,Wydad Casablanca,94.76666666666668,3.861415,21.276596,low_research_only,0.65625,defensive_activity;crossing,carrying;wide_progression,PARTIAL_DERIVATION_RESEARCH_ONLY;SAMPLE_TOO_SMALL_LOCAL_11_MATCHES_NOT_PRODUCTION_READY,True,False,research_only_event_derived_prototype_not_final_not_provider_direct
138956,Anas Bach,FB,2838.0,FAR Rabat,90.0,5.968002,65.957447,low_research_only,0.65625,defensive_activity;crossing,carrying;wide_progression,PARTIAL_DERIVATION_RESEARCH_ONLY;SAMPLE_TOO_SMALL_LOCAL_11_MATCHES_NOT_PRODUCTION_READY,True,False,research_only_event_derived_prototype_not_final_not_provider_direct
138966,Youssef Belammari,FB,2349.0,Raja Casablanca,90.0,8.123015,87.234043,low_research_only,0.65625,crossing;defensive_activity,carrying;wide_progression,PARTIAL_DERIVATION_RESEARCH_ONLY;SAMPLE_TOO_SMALL_LOCAL_11_MATCHES_NOT_PRODUCTION_READY,True,False,research_only_event_derived_prototype_not_final_not_provider_direct
138999,Marouane Lemzaouri,FB,2365.0,Difaâ El Jadida,90.0,2.754253,14.893617,low_research_only,0.65625,crossing;defensive_activity,carrying;wide_progression,PARTIAL_DERIVATION_RESEARCH_ONLY;SAMPLE_TOO_SMALL_LOCAL_11_MATCHES_NOT_PRODUCTION_READY,True,False,research_only_event_derived_prototype_not_final_not_provider_direct
139549,Hamza El Janati,FB,36099.0,KAC Marrakech,95.81666666666666,4.708549,38.297872,low_research_only,0.65625,crossing;defensive_activity,carrying;wide_progression,PARTIAL_DERIVATION_RESEARCH_ONLY;SAMPLE_TOO_SMALL_LOCAL_11_MATCHES_NOT_PRODUCTION_READY,True,False,research_only_event_derived_prototype_not_final_not_provider_direct
139560,Hamza El Moussaoui,FB,2762.0,RSB Berkane,180.0,5.906827,63.829787,low_research_only,0.65625,crossing;defensive_activity,carrying;wide_progression,PARTIAL_DERIVATION_RESEARCH_ONLY;SAMPLE_TOO_SMALL_LOCAL_11_MATCHES_NOT_PRODUCTION_READY,True,False,research_only_event_derived_prototype_not_final_not_provider_direct
139563,Ayoub Khairi,FB,2762.0,RSB Berkane,74.33333333333333,1.842854,6.382979,low_research_only,0.65625,carrying;defensive_activity,crossing;wide_progression,PARTIAL_DERIVATION_RESEARCH_ONLY;SAMPLE_TOO_SMALL_LOCAL_11_MATCHES_NOT_PRODUCTION_READY,True,False,research_only_event_derived_prototype_not_final_not_provider_direct
140876,Mohamed Moufid,FB,6994.0,Wydad Casablanca,90.0,4.675314,36.170213,low_research_only,0.65625,crossing;defensive_activity,carrying;wide_progression,PARTIAL_DERIVATION_RESEARCH_ONLY;SAMPLE_TOO_SMALL_LOCAL_11_MATCHES_NOT_PRODUCTION_READY,True,False,research_only_event_derived_prototype_not_final_not_provider_direct
141741,Oussama Al Aiz,FB,2839.0,Ittihad Tanger,68.56666666666666,4.949479,46.808511,low_research_only,0.65625,crossing;defensive_activity,carrying;wide_progression,PARTIAL_DERIVATION_RESEARCH_ONLY;SAMPLE_TOO_SMALL_LOCAL_11_MATCHES_NOT_PRODUCTION_READY,True,False,research_only_event_derived_prototype_not_final_not_provider_direct
142789,Oussama Soukhane,FB,2761.0,FUS Rabat,90.0,7.760339,82.978723,low_research_only,0.65625,crossing;defensive_activity,carrying;wide_progression,PARTIAL_DERIVATION_RESEARCH_ONLY;SAMPLE_TOO_SMALL_LOCAL_11_MATCHES_NOT_PRODUCTION_READY,True,False,research_only_event_derived_prototype_not_final_not_provider_direct
143163,Hamza Semmoumy,FB,6989.0,Olympic Safi,168.13333333333333,4.239769,25.531915,low_research_only,0.65625,crossing;defensive_activity,carrying;wide_progression,PARTIAL_DERIVATION_RESEARCH_ONLY;SAMPLE_TOO_SMALL_LOCAL_11_MATCHES_NOT_PRODUCTION_READY,True,False,research_only_event_derived_prototype_not_final_not_provider_direct
144331,Oussama Raoui,FB,2761.0,FUS Rabat,16.7,24.47198,97.87234,low_research_only,0.65625,crossing;defensive_activity,carrying;wide_progression,PARTIAL_DERIVATION_RESEARCH_ONLY;SAMPLE_TOO_SMALL_LOCAL_11_MATCHES_NOT_PRODUCTION_READY,True,False,research_only_event_derived_prototype_not_final_not_provider_direct
152015,Zakaria Kiani,FB,2839.0,Ittihad Tanger,111.28333333333332,7.064957,76.595745,low_research_only,0.65625,defensive_activity;crossing,carrying;wide_progression,PARTIAL_DERIVATION_RESEARCH_ONLY;SAMPLE_TOO_SMALL_LOCAL_11_MATCHES_NOT_PRODUCTION_READY,True,False,research_only_event_derived_prototype_not_final_not_provider_direct
178342,Ettayb Boukhriss,FB,2762.0,RSB Berkane,43.73333333333333,10.128149,93.617021,low_research_only,0.65625,defensive_activity;crossing,carrying;wide_progression,PARTIAL_DERIVATION_RESEARCH_ONLY;SAMPLE_TOO_SMALL_LOCAL_11_MATCHES_NOT_PRODUCTION_READY,True,False,research_only_event_derived_prototype_not_final_not_provider_direct
312413,Soulaimane El Bouchqali,FB,2838.0,FAR Rabat,7.816666666666667,4.777539,42.553191,low_research_only,0.65625,crossing;carrying,wide_progression;defensive_activity,PARTIAL_DERIVATION_RESEARCH_ONLY;SAMPLE_TOO_SMALL_LOCAL_11_MATCHES_NOT_PRODUCTION_READY,True,False,research_only_event_derived_prototype_not_final_not_provider_direct
313287,Redouane Ait Lemkadem,FB,11935.0,UTS Rabat,90.0,7.535775,78.723404,low_research_only,0.65625,defensive_activity;crossing,carrying;wide_progression,PARTIAL_DERIVATION_RESEARCH_ONLY;SAMPLE_TOO_SMALL_LOCAL_11_MATCHES_NOT_PRODUCTION_READY,True,False,research_only_event_derived_prototype_not_final_not_provider_direct
313974,Mohamed El Abdi,FB,36099.0,KAC Marrakech,157.85,5.647691,57.446809,low_research_only,0.65625,defensive_activity;crossing,carrying;wide_progression,PARTIAL_DERIVATION_RESEARCH_ONLY;SAMPLE_TOO_SMALL_LOCAL_11_MATCHES_NOT_PRODUCTION_READY,True,False,research_only_event_derived_prototype_not_final_not_provider_direct
314450,Anass Lamrabat,FB,2839.0,Ittihad Tanger,170.48333333333335,5.126374,53.191489,low_research_only,0.65625,crossing;defensive_activity,carrying;wide_progression,PARTIAL_DERIVATION_RESEARCH_ONLY;SAMPLE_TOO_SMALL_LOCAL_11_MATCHES_NOT_PRODUCTION_READY,True,False,research_only_event_derived_prototype_not_final_not_provider_direct
314451,Houdaifa El Mahasni,FB,2761.0,FUS Rabat,73.3,7.726725,80.851064,low_research_only,0.65625,crossing;defensive_activity,carrying;wide_progression,PARTIAL_DERIVATION_RESEARCH_ONLY;SAMPLE_TOO_SMALL_LOCAL_11_MATCHES_NOT_PRODUCTION_READY,True,False,research_only_event_derived_prototype_not_final_not_provider_direct
337496,Haytam Manaout,FB,2762.0,RSB Berkane,90.0,7.048738,74.468085,low_research_only,0.65625,defensive_activity;crossing,carrying;wide_progression,PARTIAL_DERIVATION_RESEARCH_ONLY;SAMPLE_TOO_SMALL_LOCAL_11_MATCHES_NOT_PRODUCTION_READY,True,False,research_only_event_derived_prototype_not_final_not_provider_direct
339278,Chemseddine Knaidil,FB,25917.0,CODM Meknès,90.0,9.249151,89.361702,low_research_only,0.65625,defensive_activity;crossing,carrying;wide_progression,PARTIAL_DERIVATION_RESEARCH_ONLY;SAMPLE_TOO_SMALL_LOCAL_11_MATCHES_NOT_PRODUCTION_READY,True,False,research_only_event_derived_prototype_not_final_not_provider_direct
405342,Guilherme Ferreira de Oliveira,FB,6994.0,Wydad Casablanca,0.0833333333333333,40.625,100.0,low_research_only,0.65625,carrying;wide_progression,defensive_activity;crossing,PARTIAL_DERIVATION_RESEARCH_ONLY;SAMPLE_TOO_SMALL_LOCAL_11_MATCHES_NOT_PRODUCTION_READY,True,False,research_only_event_derived_prototype_not_final_not_provider_direct
406864,Hamza Malki,FB,2365.0,Difaâ El Jadida,90.0,9.803999,91.489362,low_research_only,0.65625,defensive_activity;crossing,carrying;wide_progression,PARTIAL_DERIVATION_RESEARCH_ONLY;SAMPLE_TOO_SMALL_LOCAL_11_MATCHES_NOT_PRODUCTION_READY,True,False,research_only_event_derived_prototype_not_final_not_provider_direct
409454,Ayoub Tine,FB,18552.0,Renaissance Zemamra,90.0,3.21348,19.148936,low_research_only,0.65625,crossing;defensive_activity,carrying;wide_progression,PARTIAL_DERIVATION_RESEARCH_ONLY;SAMPLE_TOO_SMALL_LOCAL_11_MATCHES_NOT_PRODUCTION_READY,True,False,research_only_event_derived_prototype_not_final_not_provider_direct
442100,Marouane Ouhrou,FB,6995.0,Maghreb Fès,89.75,2.001567,10.638298,low_research_only,0.65625,defensive_activity;carrying,wide_progression;crossing,PARTIAL_DERIVATION_RESEARCH_ONLY;SAMPLE_TOO_SMALL_LOCAL_11_MATCHES_NOT_PRODUCTION_READY,True,False,research_only_event_derived_prototype_not_final_not_provider_direct
442286,Oussama Daoui,FB,25917.0,CODM Meknès,90.0,1.993199,8.510638,low_research_only,0.65625,crossing;defensive_activity,carrying;wide_progression,PARTIAL_DERIVATION_RESEARCH_ONLY;SAMPLE_TOO_SMALL_LOCAL_11_MATCHES_NOT_PRODUCTION_READY,True,False,research_only_event_derived_prototype_not_final_not_provider_direct
442926,Ousmane Diallo,FB,18552.0,Renaissance Zemamra,90.0,4.931878,44.680851,low_research_only,0.65625,defensive_activity;crossing,carrying;wide_progression,PARTIAL_DERIVATION_RESEARCH_ONLY;SAMPLE_TOO_SMALL_LOCAL_11_MATCHES_NOT_PRODUCTION_READY,True,False,research_only_event_derived_prototype_not_final_not_provider_direct
477677,Yassine Boughaz,FB,2889.0,Olympique Dcheïra,90.0,2.453835,12.765957,low_research_only,0.65625,defensive_activity;carrying,wide_progression;crossing,PARTIAL_DERIVATION_RESEARCH_ONLY;SAMPLE_TOO_SMALL_LOCAL_11_MATCHES_NOT_PRODUCTION_READY,True,False,research_only_event_derived_prototype_not_final_not_provider_direct
522352,Hamza Fassoukh,FB,36099.0,KAC Marrakech,180.0,6.133875,68.085106,low_research_only,0.65625,defensive_activity;crossing,carrying;wide_progression,PARTIAL_DERIVATION_RESEARCH_ONLY;SAMPLE_TOO_SMALL_LOCAL_11_MATCHES_NOT_PRODUCTION_READY,True,False,research_only_event_derived_prototype_not_final_not_provider_direct
523288,Abdelali Khouch,FB,36100.0,US Yacoub El Mansour,5.183333333333334,6.191771,70.212766,low_research_only,0.65625,crossing;carrying,wide_progression;defensive_activity,PARTIAL_DERIVATION_RESEARCH_ONLY;SAMPLE_TOO_SMALL_LOCAL_11_MATCHES_NOT_PRODUCTION_READY,True,False,research_only_event_derived_prototype_not_final_not_provider_direct
523293,Nassim Azzoubairi,FB,36100.0,US Yacoub El Mansour,84.81666666666666,5.282271,55.319149,low_research_only,0.65625,defensive_activity;crossing,carrying;wide_progression,PARTIAL_DERIVATION_RESEARCH_ONLY;SAMPLE_TOO_SMALL_LOCAL_11_MATCHES_NOT_PRODUCTION_READY,True,False,research_only_event_derived_prototype_not_final_not_provider_direct
523299,Youness Noussir,FB,36100.0,US Yacoub El Mansour,90.0,4.453501,31.914894,low_research_only,0.65625,crossing;defensive_activity,carrying;wide_progression,PARTIAL_DERIVATION_RESEARCH_ONLY;SAMPLE_TOO_SMALL_LOCAL_11_MATCHES_NOT_PRODUCTION_READY,True,False,research_only_event_derived_prototype_not_final_not_provider_direct
523318,Younes El Khafi,FB,2889.0,Olympique Dcheïra,90.0,5.101091,51.06383,low_research_only,0.65625,defensive_activity;crossing,carrying;wide_progression,PARTIAL_DERIVATION_RESEARCH_ONLY;SAMPLE_TOO_SMALL_LOCAL_11_MATCHES_NOT_PRODUCTION_READY,True,False,research_only_event_derived_prototype_not_final_not_provider_direct
523998,Zakaria Aiada,FB,11935.0,UTS Rabat,90.0,4.595857,34.042553,low_research_only,0.65625,defensive_activity;crossing,carrying;wide_progression,PARTIAL_DERIVATION_RESEARCH_ONLY;SAMPLE_TOO_SMALL_LOCAL_11_MATCHES_NOT_PRODUCTION_READY,True,False,research_only_event_derived_prototype_not_final_not_provider_direct
6909,Damián Emiliano Martínez,GK,779.0,Argentina,90.0,22.4017,83.333333,low_research_only,0.53125,involvement_distribution;shot_facing_context,shot_facing_context;defensive_actions,PARTIAL_DERIVATION_RESEARCH_ONLY;SAMPLE_TOO_SMALL_LOCAL_11_MATCHES_NOT_PRODUCTION_READY,True,False,research_only_event_derived_prototype_not_final_not_provider_direct
27225,Camilo Andrés Vargas Gil,GK,769.0,Colombia,90.0,31.859978,100.0,low_research_only,0.53125,involvement_distribution;defensive_actions,defensive_actions;shot_facing_context,PARTIAL_DERIVATION_RESEARCH_ONLY;SAMPLE_TOO_SMALL_LOCAL_11_MATCHES_NOT_PRODUCTION_READY,True,False,research_only_event_derived_prototype_not_final_not_provider_direct
36951,Babacar Niasse,GK,2365.0,Difaâ El Jadida,90.0,16.28853,55.555556,low_research_only,0.53125,shot_facing_context;involvement_distribution,involvement_distribution;defensive_actions,PARTIAL_DERIVATION_RESEARCH_ONLY;SAMPLE_TOO_SMALL_LOCAL_11_MATCHES_NOT_PRODUCTION_READY,True,False,research_only_event_derived_prototype_not_final_not_provider_direct
138841,Salaheddine Chihab,GK,6995.0,Maghreb Fès,90.0,18.097039,66.666667,low_research_only,0.53125,shot_facing_context;involvement_distribution,involvement_distribution;defensive_actions,PARTIAL_DERIVATION_RESEARCH_ONLY;SAMPLE_TOO_SMALL_LOCAL_11_MATCHES_NOT_PRODUCTION_READY,True,False,research_only_event_derived_prototype_not_final_not_provider_direct
138935,Rachid Ghanimi,GK,2761.0,FUS Rabat,90.0,12.440503,27.777778,low_research_only,0.53125,shot_facing_context;involvement_distribution,involvement_distribution;defensive_actions,PARTIAL_DERIVATION_RESEARCH_ONLY;SAMPLE_TOO_SMALL_LOCAL_11_MATCHES_NOT_PRODUCTION_READY,True,False,research_only_event_derived_prototype_not_final_not_provider_direct
138950,Mehdi Harrar,GK,2349.0,Raja Casablanca,90.0,27.503129,94.444444,low_research_only,0.53125,involvement_distribution;shot_facing_context,shot_facing_context;defensive_actions,PARTIAL_DERIVATION_RESEARCH_ONLY;SAMPLE_TOO_SMALL_LOCAL_11_MATCHES_NOT_PRODUCTION_READY,True,False,research_only_event_derived_prototype_not_final_not_provider_direct
138972,Mahdi Benabid,GK,6994.0,Wydad Casablanca,90.0,15.632478,50.0,low_research_only,0.53125,shot_facing_context;involvement_distribution,involvement_distribution;defensive_actions,PARTIAL_DERIVATION_RESEARCH_ONLY;SAMPLE_TOO_SMALL_LOCAL_11_MATCHES_NOT_PRODUCTION_READY,True,False,research_only_event_derived_prototype_not_final_not_provider_direct
138989,Mohamed Ferni,GK,18552.0,Renaissance Zemamra,90.0,11.722708,16.666667,low_research_only,0.53125,shot_facing_context;involvement_distribution,involvement_distribution;defensive_actions,PARTIAL_DERIVATION_RESEARCH_ONLY;SAMPLE_TOO_SMALL_LOCAL_11_MATCHES_NOT_PRODUCTION_READY,True,False,research_only_event_derived_prototype_not_final_not_provider_direct
139011,Ahmed Reda Tagnaouti,GK,2838.0,FAR Rabat,90.0,24.403114,88.888889,low_research_only,0.53125,defensive_actions;shot_facing_context,shot_facing_context;involvement_distribution,PARTIAL_DERIVATION_RESEARCH_ONLY;SAMPLE_TOO_SMALL_LOCAL_11_MATCHES_NOT_PRODUCTION_READY,True,False,research_only_event_derived_prototype_not_final_not_provider_direct
139555,Aymane Majid,GK,25917.0,CODM Meknès,90.0,21.948442,77.777778,low_research_only,0.53125,involvement_distribution;shot_facing_context,shot_facing_context;defensive_actions,PARTIAL_DERIVATION_RESEARCH_ONLY;SAMPLE_TOO_SMALL_LOCAL_11_MATCHES_NOT_PRODUCTION_READY,True,False,research_only_event_derived_prototype_not_final_not_provider_direct
139572,Amine El Ouaad,GK,2839.0,Ittihad Tanger,166.61666666666667,13.658903,38.888889,low_research_only,0.53125,shot_facing_context;involvement_distribution,involvement_distribution;defensive_actions,PARTIAL_DERIVATION_RESEARCH_ONLY;SAMPLE_TOO_SMALL_LOCAL_11_MATCHES_NOT_PRODUCTION_READY,True,False,research_only_event_derived_prototype_not_final_not_provider_direct
143162,Mehdi Maftah,GK,2762.0,RSB Berkane,180.0,14.896055,44.444444,low_research_only,0.53125,shot_facing_context;involvement_distribution,involvement_distribution;defensive_actions,PARTIAL_DERIVATION_RESEARCH_ONLY;SAMPLE_TOO_SMALL_LOCAL_11_MATCHES_NOT_PRODUCTION_READY,True,False,research_only_event_derived_prototype_not_final_not_provider_direct
200507,Abderrahmane Kernane,GK,6989.0,Olympic Safi,180.0,10.085549,5.555556,low_research_only,0.53125,shot_facing_context;involvement_distribution,involvement_distribution;defensive_actions,PARTIAL_DERIVATION_RESEARCH_ONLY;SAMPLE_TOO_SMALL_LOCAL_11_MATCHES_NOT_PRODUCTION_READY,True,False,research_only_event_derived_prototype_not_final_not_provider_direct
317852,Abderahmane El Houasli,GK,11935.0,UTS Rabat,90.0,13.309251,33.333333,low_research_only,0.53125,shot_facing_context;involvement_distribution,involvement_distribution;defensive_actions,PARTIAL_DERIVATION_RESEARCH_ONLY;SAMPLE_TOO_SMALL_LOCAL_11_MATCHES_NOT_PRODUCTION_READY,True,False,research_only_event_derived_prototype_not_final_not_provider_direct
362445,Badreddine Abyir,GK,6992.0,Hassania Agadir,90.0,11.904902,22.222222,low_research_only,0.53125,shot_facing_context;involvement_distribution,involvement_distribution;defensive_actions,PARTIAL_DERIVATION_RESEARCH_ONLY;SAMPLE_TOO_SMALL_LOCAL_11_MATCHES_NOT_PRODUCTION_READY,True,False,research_only_event_derived_prototype_not_final_not_provider_direct
477675,Mohamed Idar,GK,2889.0,Olympique Dcheïra,90.0,11.539653,11.111111,low_research_only,0.53125,shot_facing_context;involvement_distribution,involvement_distribution;defensive_actions,PARTIAL_DERIVATION_RESEARCH_ONLY;SAMPLE_TOO_SMALL_LOCAL_11_MATCHES_NOT_PRODUCTION_READY,True,False,research_only_event_derived_prototype_not_final_not_provider_direct
522350,Mohamed Jemjami,GK,36099.0,KAC Marrakech,180.0,17.69145,61.111111,low_research_only,0.53125,shot_facing_context;involvement_distribution,involvement_distribution;defensive_actions,PARTIAL_DERIVATION_RESEARCH_ONLY;SAMPLE_TOO_SMALL_LOCAL_11_MATCHES_NOT_PRODUCTION_READY,True,False,research_only_event_derived_prototype_not_final_not_provider_direct
523287,Ismail Sayad,GK,36100.0,US Yacoub El Mansour,90.0,18.80076,72.222222,low_research_only,0.53125,involvement_distribution;shot_facing_context,shot_facing_context;defensive_actions,PARTIAL_DERIVATION_RESEARCH_ONLY;SAMPLE_TOO_SMALL_LOCAL_11_MATCHES_NOT_PRODUCTION_READY,True,False,research_only_event_derived_prototype_not_final_not_provider_direct
2995,Ángel Fabián Di María Hernández,MID,779.0,Argentina,116.25,6.095149,42.990654,low_research_only,0.640625,retention;chance_creation,progression;defensive_activity,PARTIAL_DERIVATION_RESEARCH_ONLY;SAMPLE_TOO_SMALL_LOCAL_11_MATCHES_NOT_PRODUCTION_READY,True,False,research_only_event_derived_prototype_not_final_not_provider_direct
3032,Zinédine Machach,MID,2762.0,RSB Berkane,64.01666666666667,6.989893,69.158879,low_research_only,0.640625,retention;chance_creation,progression;defensive_activity,PARTIAL_DERIVATION_RESEARCH_ONLY;SAMPLE_TOO_SMALL_LOCAL_11_MATCHES_NOT_PRODUCTION_READY,True,False,research_only_event_derived_prototype_not_final_not_provider_direct
3090,Nicolás Hernán Otamendi,MID,779.0,Argentina,0.3666666666666666,5.134173,26.168224,low_research_only,0.648438,defensive_activity;progression,retention;chance_creation,PARTIAL_DERIVATION_RESEARCH_ONLY;SAMPLE_TOO_SMALL_LOCAL_11_MATCHES_NOT_PRODUCTION_READY,True,False,research_only_event_derived_prototype_not_final_not_provider_direct
3313,Giovani Lo Celso,MID,779.0,Argentina,19.83333333333333,12.385558,93.457944,low_research_only,0.640625,chance_creation;retention,defensive_activity;progression,PARTIAL_DERIVATION_RESEARCH_ONLY;SAMPLE_TOO_SMALL_LOCAL_11_MATCHES_NOT_PRODUCTION_READY,True,False,research_only_event_derived_prototype_not_final_not_provider_direct
5678,Jefferson Andrés Lerma Solís,MID,769.0,Colombia,105.0,6.920307,66.35514,low_research_only,0.640625,retention;defensive_activity,progression;chance_creation,PARTIAL_DERIVATION_RESEARCH_ONLY;SAMPLE_TOO_SMALL_LOCAL_11_MATCHES_NOT_PRODUCTION_READY,True,False,research_only_event_derived_prototype_not_final_not_provider_direct
5692,Juan Fernando Quintero Paniagua,MID,769.0,Colombia,0.0,35.416667,95.327103,low_research_only,0.5625,retention,retention,PARTIAL_DERIVATION_RESEARCH_ONLY;SAMPLE_TOO_SMALL_LOCAL_11_MATCHES_NOT_PRODUCTION_READY,True,False,research_only_event_derived_prototype_not_final_not_provider_direct
5695,James David Rodríguez Rubio,MID,769.0,Colombia,90.0,7.376806,79.439252,low_research_only,0.640625,retention;chance_creation,progression;defensive_activity,PARTIAL_DERIVATION_RESEARCH_ONLY;SAMPLE_TOO_SMALL_LOCAL_11_MATCHES_NOT_PRODUCTION_READY,True,False,research_only_event_derived_prototype_not_final_not_provider_direct
6193,Andrés Mateus Uribe Villa,MID,769.0,Colombia,0.0,46.022727,97.196262,low_research_only,0.5625,retention,retention,PARTIAL_DERIVATION_RESEARCH_ONLY;SAMPLE_TOO_SMALL_LOCAL_11_MATCHES_NOT_PRODUCTION_READY,True,False,research_only_event_derived_prototype_not_final_not_provider_direct
7183,Moctar Sidi El Hacen El Ide,MID,2365.0,Difaâ El Jadida,89.85,5.646979,39.252336,low_research_only,0.640625,retention;defensive_activity,progression;chance_creation,PARTIAL_DERIVATION_RESEARCH_ONLY;SAMPLE_TOO_SMALL_LOCAL_11_MATCHES_NOT_PRODUCTION_READY,True,False,research_only_event_derived_prototype_not_final_not_provider_direct
7550,Mounir Chouiar,MID,2762.0,RSB Berkane,137.03333333333333,4.253282,14.953271,low_research_only,0.640625,retention;defensive_activity,progression;chance_creation,PARTIAL_DERIVATION_RESEARCH_ONLY;SAMPLE_TOO_SMALL_LOCAL_11_MATCHES_NOT_PRODUCTION_READY,True,False,research_only_event_derived_prototype_not_final_not_provider_direct
7717,Rayane Aabid,MID,2762.0,RSB Berkane,150.66666666666666,6.376844,54.205607,low_research_only,0.640625,retention;progression,chance_creation;defensive_activity,PARTIAL_DERIVATION_RESEARCH_ONLY;SAMPLE_TOO_SMALL_LOCAL_11_MATCHES_NOT_PRODUCTION_READY,True,False,research_only_event_derived_prototype_not_final_not_provider_direct
7797,Rodrigo Javier De Paul,MID,779.0,Argentina,116.61666666666667,5.351661,33.64486,low_research_only,0.640625,retention;chance_creation,progression;defensive_activity,PARTIAL_DERIVATION_RESEARCH_ONLY;SAMPLE_TOO_SMALL_LOCAL_11_MATCHES_NOT_PRODUCTION_READY,True,False,research_only_event_derived_prototype_not_final_not_provider_direct
10689,Sabir Bougrine,MID,2349.0,Raja Casablanca,90.53333333333332,6.383972,55.140187,low_research_only,0.640625,retention;chance_creation,progression;defensive_activity,PARTIAL_DERIVATION_RESEARCH_ONLY;SAMPLE_TOO_SMALL_LOCAL_11_MATCHES_NOT_PRODUCTION_READY,True,False,research_only_event_derived_prototype_not_final_not_provider_direct
16308,Leandro Daniel Paredes,MID,779.0,Argentina,20.33333333333333,6.240485,49.53271,low_research_only,0.640625,retention;progression,defensive_activity;chance_creation,PARTIAL_DERIVATION_RESEARCH_ONLY;SAMPLE_TOO_SMALL_LOCAL_11_MATCHES_NOT_PRODUCTION_READY,True,False,research_only_event_derived_prototype_not_final_not_provider_direct
21648,Anas Tahiri,MID,6995.0,Maghreb Fès,21.700000000000003,4.260781,15.88785,low_research_only,0.640625,retention;progression,chance_creation;defensive_activity,PARTIAL_DERIVATION_RESEARCH_ONLY;SAMPLE_TOO_SMALL_LOCAL_11_MATCHES_NOT_PRODUCTION_READY,True,False,research_only_event_derived_prototype_not_final_not_provider_direct
27277,Jhon Adolfo Arias Andrade,MID,769.0,Colombia,105.0,6.750464,63.551402,low_research_only,0.640625,retention;defensive_activity,progression;chance_creation,PARTIAL_DERIVATION_RESEARCH_ONLY;SAMPLE_TOO_SMALL_LOCAL_11_MATCHES_NOT_PRODUCTION_READY,True,False,research_only_event_derived_prototype_not_final_not_provider_direct
27886,Alexis Mac Allister,MID,779.0,Argentina,96.28333333333332,6.468327,58.878505,low_research_only,0.640625,retention;progression,chance_creation;defensive_activity,PARTIAL_DERIVATION_RESEARCH_ONLY;SAMPLE_TOO_SMALL_LOCAL_11_MATCHES_NOT_PRODUCTION_READY,True,False,research_only_event_derived_prototype_not_final_not_provider_direct
28723,Jorge Andrés Carrascal Guardo,MID,769.0,Colombia,0.0,41.25,96.261682,low_research_only,0.5625,retention,retention,PARTIAL_DERIVATION_RESEARCH_ONLY;SAMPLE_TOO_SMALL_LOCAL_11_MATCHES_NOT_PRODUCTION_READY,True,False,research_only_event_derived_prototype_not_final_not_provider_direct
30155,Bilal Ould-Chikh,MID,2349.0,Raja Casablanca,26.366666666666667,8.940512,89.719626,low_research_only,0.640625,retention;chance_creation,progression;defensive_activity,PARTIAL_DERIVATION_RESEARCH_ONLY;SAMPLE_TOO_SMALL_LOCAL_11_MATCHES_NOT_PRODUCTION_READY,True,False,research_only_event_derived_prototype_not_final_not_provider_direct
38718,Enzo Fernandez,MID,779.0,Argentina,96.78333333333332,7.344472,76.635514,low_research_only,0.640625,retention;defensive_activity,progression;chance_creation,PARTIAL_DERIVATION_RESEARCH_ONLY;SAMPLE_TOO_SMALL_LOCAL_11_MATCHES_NOT_PRODUCTION_READY,True,False,research_only_event_derived_prototype_not_final_not_provider_direct
46646,José Dembi,MID,6992.0,Hassania Agadir,91.51666666666668,3.775957,11.214953,low_research_only,0.640625,retention;progression,defensive_activity;chance_creation,PARTIAL_DERIVATION_RESEARCH_ONLY;SAMPLE_TOO_SMALL_LOCAL_11_MATCHES_NOT_PRODUCTION_READY,True,False,research_only_event_derived_prototype_not_final_not_provider_direct
49000,Amine Oudrhiri Idrissi,MID,6995.0,Maghreb Fès,86.91666666666667,4.280579,16.82243,low_research_only,0.640625,retention;defensive_activity,progression;chance_creation,PARTIAL_DERIVATION_RESEARCH_ONLY;SAMPLE_TOO_SMALL_LOCAL_11_MATCHES_NOT_PRODUCTION_READY,True,False,research_only_event_derived_prototype_not_final_not_provider_direct
49395,Richard Rios Montoya,MID,769.0,Colombia,87.91666666666667,7.336671,75.700935,low_research_only,0.640625,retention;chance_creation,defensive_activity;progression,PARTIAL_DERIVATION_RESEARCH_ONLY;SAMPLE_TOO_SMALL_LOCAL_11_MATCHES_NOT_PRODUCTION_READY,True,False,research_only_event_derived_prototype_not_final_not_provider_direct
60138,Kevin Duvan Castaño Gil,MID,769.0,Colombia,2.083333333333333,46.851803,98.130841,low_research_only,0.640625,progression;retention,defensive_activity;chance_creation,PARTIAL_DERIVATION_RESEARCH_ONLY;SAMPLE_TOO_SMALL_LOCAL_11_MATCHES_NOT_PRODUCTION_READY,True,False,research_only_event_derived_prototype_not_final_not_provider_direct
134249,Adam Ennaffati,MID,2349.0,Raja Casablanca,90.53333333333332,4.796257,18.691589,low_research_only,0.640625,chance_creation;retention,progression;defensive_activity,PARTIAL_DERIVATION_RESEARCH_ONLY;SAMPLE_TOO_SMALL_LOCAL_11_MATCHES_NOT_PRODUCTION_READY,True,False,research_only_event_derived_prototype_not_final_not_provider_direct
135202,Walid Sabbar,MID,6994.0,Wydad Casablanca,90.0,5.775571,40.186916,low_research_only,0.640625,retention;chance_creation,progression;defensive_activity,PARTIAL_DERIVATION_RESEARCH_ONLY;SAMPLE_TOO_SMALL_LOCAL_11_MATCHES_NOT_PRODUCTION_READY,True,False,research_only_event_derived_prototype_not_final_not_provider_direct
138827,Achraf El Idrissi,MID,2365.0,Difaâ El Jadida,27.883333333333333,5.310743,31.775701,low_research_only,0.640625,retention;progression,defensive_activity;chance_creation,PARTIAL_DERIVATION_RESEARCH_ONLY;SAMPLE_TOO_SMALL_LOCAL_11_MATCHES_NOT_PRODUCTION_READY,True,False,research_only_event_derived_prototype_not_final_not_provider_direct
138845,Mohsine Moutouali,MID,2839.0,Ittihad Tanger,180.0,7.730013,84.11215,low_research_only,0.640625,retention;chance_creation,defensive_activity;progression,PARTIAL_DERIVATION_RESEARCH_ONLY;SAMPLE_TOO_SMALL_LOCAL_11_MATCHES_NOT_PRODUCTION_READY,True,False,research_only_event_derived_prototype_not_final_not_provider_direct
138853,Abdellah Farah,MID,18552.0,Renaissance Zemamra,19.683333333333334,0.85444,0.934579,low_research_only,0.640625,defensive_activity;progression,retention;chance_creation,PARTIAL_DERIVATION_RESEARCH_ONLY;SAMPLE_TOO_SMALL_LOCAL_11_MATCHES_NOT_PRODUCTION_READY,True,False,research_only_event_derived_prototype_not_final_not_provider_direct
138860,Youssef Michte,MID,2365.0,Difaâ El Jadida,86.98333333333333,5.091148,23.364486,low_research_only,0.640625,retention;defensive_activity,progression;chance_creation,PARTIAL_DERIVATION_RESEARCH_ONLY;SAMPLE_TOO_SMALL_LOCAL_11_MATCHES_NOT_PRODUCTION_READY,True,False,research_only_event_derived_prototype_not_final_not_provider_direct
138862,Abderrahmane Kassak,MID,6989.0,Olympic Safi,97.9,6.984642,68.224299,low_research_only,0.640625,retention;chance_creation,progression;defensive_activity,PARTIAL_DERIVATION_RESEARCH_ONLY;SAMPLE_TOO_SMALL_LOCAL_11_MATCHES_NOT_PRODUCTION_READY,True,False,research_only_event_derived_prototype_not_final_not_provider_direct
138872,Oussama Mahrous,MID,36099.0,KAC Marrakech,180.0,5.952873,42.056075,low_research_only,0.640625,retention;defensive_activity,progression;chance_creation,PARTIAL_DERIVATION_RESEARCH_ONLY;SAMPLE_TOO_SMALL_LOCAL_11_MATCHES_NOT_PRODUCTION_READY,True,False,research_only_event_derived_prototype_not_final_not_provider_direct
138873,Abdelghafour Lamirat,MID,6994.0,Wydad Casablanca,76.9,6.351525,51.401869,low_research_only,0.640625,retention;defensive_activity,progression;chance_creation,PARTIAL_DERIVATION_RESEARCH_ONLY;SAMPLE_TOO_SMALL_LOCAL_11_MATCHES_NOT_PRODUCTION_READY,True,False,research_only_event_derived_prototype_not_final_not_provider_direct
138877,Saleh Al Sellami,MID,36099.0,KAC Marrakech,59.73333333333333,5.495574,36.448598,low_research_only,0.640625,retention;chance_creation,defensive_activity;progression,PARTIAL_DERIVATION_RESEARCH_ONLY;SAMPLE_TOO_SMALL_LOCAL_11_MATCHES_NOT_PRODUCTION_READY,True,False,research_only_event_derived_prototype_not_final_not_provider_direct
138895,Abdelfattah Hadraf,MID,2838.0,FAR Rabat,10.55,9.793073,90.654206,low_research_only,0.640625,defensive_activity;chance_creation,retention;progression,PARTIAL_DERIVATION_RESEARCH_ONLY;SAMPLE_TOO_SMALL_LOCAL_11_MATCHES_NOT_PRODUCTION_READY,True,False,research_only_event_derived_prototype_not_final_not_provider_direct
138898,Ahmed Chentouf,MID,2839.0,Ittihad Tanger,13.9,11.153515,91.588785,low_research_only,0.640625,defensive_activity;retention,progression;chance_creation,PARTIAL_DERIVATION_RESEARCH_ONLY;SAMPLE_TOO_SMALL_LOCAL_11_MATCHES_NOT_PRODUCTION_READY,True,False,research_only_event_derived_prototype_not_final_not_provider_direct
138982,Jalal Tachtach,MID,6992.0,Hassania Agadir,0.0,56.25,99.53271,low_research_only,0.5625,retention,retention,PARTIAL_DERIVATION_RESEARCH_ONLY;SAMPLE_TOO_SMALL_LOCAL_11_MATCHES_NOT_PRODUCTION_READY,True,False,research_only_event_derived_prototype_not_final_not_provider_direct
138983,Zine Eddine Derrag,MID,2838.0,FAR Rabat,90.0,5.893156,41.121495,low_research_only,0.640625,retention;defensive_activity,progression;chance_creation,PARTIAL_DERIVATION_RESEARCH_ONLY;SAMPLE_TOO_SMALL_LOCAL_11_MATCHES_NOT_PRODUCTION_READY,True,False,research_only_event_derived_prototype_not_final_not_provider_direct
139545,Mohammad El Fakih,MID,18552.0,Renaissance Zemamra,27.966666666666665,8.235214,85.981308,low_research_only,0.640625,retention;chance_creation,progression;defensive_activity,PARTIAL_DERIVATION_RESEARCH_ONLY;SAMPLE_TOO_SMALL_LOCAL_11_MATCHES_NOT_PRODUCTION_READY,True,False,research_only_event_derived_prototype_not_final_not_provider_direct
139554,Abdoulaye Diarra,MID,6989.0,Olympic Safi,158.06666666666666,4.192285,14.018692,low_research_only,0.640625,retention;defensive_activity,progression;chance_creation,PARTIAL_DERIVATION_RESEARCH_ONLY;SAMPLE_TOO_SMALL_LOCAL_11_MATCHES_NOT_PRODUCTION_READY,True,False,research_only_event_derived_prototype_not_final_not_provider_direct
139565,Larbi Naji,MID,25917.0,CODM Meknès,90.0,5.268193,29.906542,low_research_only,0.640625,retention;chance_creation,defensive_activity;progression,PARTIAL_DERIVATION_RESEARCH_ONLY;SAMPLE_TOO_SMALL_LOCAL_11_MATCHES_NOT_PRODUCTION_READY,True,False,research_only_event_derived_prototype_not_final_not_provider_direct
139568,Youssef Zghoudi,MID,36099.0,KAC Marrakech,120.13333333333333,2.875877,2.803738,low_research_only,0.640625,retention;defensive_activity,progression;chance_creation,PARTIAL_DERIVATION_RESEARCH_ONLY;SAMPLE_TOO_SMALL_LOCAL_11_MATCHES_NOT_PRODUCTION_READY,True,False,research_only_event_derived_prototype_not_final_not_provider_direct
139570,Brahim El Bahraoui,MID,11935.0,UTS Rabat,77.51666666666667,1.431696,1.869159,low_research_only,0.640625,retention;progression,defensive_activity;chance_creation,PARTIAL_DERIVATION_RESEARCH_ONLY;SAMPLE_TOO_SMALL_LOCAL_11_MATCHES_NOT_PRODUCTION_READY,True,False,research_only_event_derived_prototype_not_final_not_provider_direct
140871,Khalid Ait Ouarkhane,MID,2838.0,FAR Rabat,82.35,6.133725,45.794393,low_research_only,0.640625,retention;chance_creation,progression;defensive_activity,PARTIAL_DERIVATION_RESEARCH_ONLY;SAMPLE_TOO_SMALL_LOCAL_11_MATCHES_NOT_PRODUCTION_READY,True,False,research_only_event_derived_prototype_not_final_not_provider_direct
140872,Mohamed Rabie Hrimat,MID,2838.0,FAR Rabat,90.0,6.895,65.420561,low_research_only,0.640625,retention;chance_creation,progression;defensive_activity,PARTIAL_DERIVATION_RESEARCH_ONLY;SAMPLE_TOO_SMALL_LOCAL_11_MATCHES_NOT_PRODUCTION_READY,True,False,research_only_event_derived_prototype_not_final_not_provider_direct
141254,Hamza Afsal,MID,6995.0,Maghreb Fès,8.716666666666667,6.373223,52.336449,low_research_only,0.640625,defensive_activity;retention,chance_creation;progression,PARTIAL_DERIVATION_RESEARCH_ONLY;SAMPLE_TOO_SMALL_LOCAL_11_MATCHES_NOT_PRODUCTION_READY,True,False,research_only_event_derived_prototype_not_final_not_provider_direct
143166,Zakaria Fati,MID,36100.0,US Yacoub El Mansour,90.0,5.558977,38.317757,low_research_only,0.640625,retention;progression,defensive_activity;chance_creation,PARTIAL_DERIVATION_RESEARCH_ONLY;SAMPLE_TOO_SMALL_LOCAL_11_MATCHES_NOT_PRODUCTION_READY,True,False,research_only_event_derived_prototype_not_final_not_provider_direct
143490,Ahmed Hammoudan,MID,2838.0,FAR Rabat,79.45,6.166715,47.663551,low_research_only,0.640625,retention;chance_creation,defensive_activity;progression,PARTIAL_DERIVATION_RESEARCH_ONLY;SAMPLE_TOO_SMALL_LOCAL_11_MATCHES_NOT_PRODUCTION_READY,True,False,research_only_event_derived_prototype_not_final_not_provider_direct
143505,Mohamed Morabit,MID,2762.0,RSB Berkane,115.96666666666668,7.304824,74.766355,low_research_only,0.640625,chance_creation;retention,defensive_activity;progression,PARTIAL_DERIVATION_RESEARCH_ONLY;SAMPLE_TOO_SMALL_LOCAL_11_MATCHES_NOT_PRODUCTION_READY,True,False,research_only_event_derived_prototype_not_final_not_provider_direct
144434,Ismail Moutaraji,MID,2761.0,FUS Rabat,12.05,7.6267,82.242991,low_research_only,0.640625,retention;defensive_activity,progression;chance_creation,PARTIAL_DERIVATION_RESEARCH_ONLY;SAMPLE_TOO_SMALL_LOCAL_11_MATCHES_NOT_PRODUCTION_READY,True,False,research_only_event_derived_prototype_not_final_not_provider_direct
144436,Anas Serrhat,MID,2761.0,FUS Rabat,90.0,8.337995,86.915888,low_research_only,0.640625,retention;defensive_activity,progression;chance_creation,PARTIAL_DERIVATION_RESEARCH_ONLY;SAMPLE_TOO_SMALL_LOCAL_11_MATCHES_NOT_PRODUCTION_READY,True,False,research_only_event_derived_prototype_not_final_not_provider_direct
149135,Moses Orkuma,MID,2349.0,Raja Casablanca,78.63333333333334,6.107591,43.925234,low_research_only,0.640625,retention;defensive_activity,progression;chance_creation,PARTIAL_DERIVATION_RESEARCH_ONLY;SAMPLE_TOO_SMALL_LOCAL_11_MATCHES_NOT_PRODUCTION_READY,True,False,research_only_event_derived_prototype_not_final_not_provider_direct
151743,Mohamed Al Makahasi,MID,2349.0,Raja Casablanca,90.53333333333332,6.148416,46.728972,low_research_only,0.640625,retention;chance_creation,defensive_activity;progression,PARTIAL_DERIVATION_RESEARCH_ONLY;SAMPLE_TOO_SMALL_LOCAL_11_MATCHES_NOT_PRODUCTION_READY,True,False,research_only_event_derived_prototype_not_final_not_provider_direct
154668,Mamadou Lamine Camara,MID,2762.0,RSB Berkane,180.0,7.262519,72.897196,low_research_only,0.640625,retention;defensive_activity,progression;chance_creation,PARTIAL_DERIVATION_RESEARCH_ONLY;SAMPLE_TOO_SMALL_LOCAL_11_MATCHES_NOT_PRODUCTION_READY,True,False,research_only_event_derived_prototype_not_final_not_provider_direct
161352,Salaheddine Errahouli,MID,6989.0,Olympic Safi,123.11666666666667,6.336938,50.46729,low_research_only,0.640625,retention;chance_creation,progression;defensive_activity,PARTIAL_DERIVATION_RESEARCH_ONLY;SAMPLE_TOO_SMALL_LOCAL_11_MATCHES_NOT_PRODUCTION_READY,True,False,research_only_event_derived_prototype_not_final_not_provider_direct
183765,Mohammed Amine Essahel,MID,11935.0,UTS Rabat,30.33333333333333,6.755587,64.485981,low_research_only,0.640625,retention;defensive_activity,progression;chance_creation,PARTIAL_DERIVATION_RESEARCH_ONLY;SAMPLE_TOO_SMALL_LOCAL_11_MATCHES_NOT_PRODUCTION_READY,True,False,research_only_event_derived_prototype_not_final_not_provider_direct
194809,Oussama Zemraoui,MID,6994.0,Wydad Casablanca,34.233333333333334,7.354145,77.570093,low_research_only,0.640625,retention;chance_creation,progression;defensive_activity,PARTIAL_DERIVATION_RESEARCH_ONLY;SAMPLE_TOO_SMALL_LOCAL_11_MATCHES_NOT_PRODUCTION_READY,True,False,research_only_event_derived_prototype_not_final_not_provider_direct
194912,Faouzi Abd El Mouttalib,MID,2839.0,Ittihad Tanger,169.58333333333334,5.230287,28.037383,low_research_only,0.640625,retention;progression,defensive_activity;chance_creation,PARTIAL_DERIVATION_RESEARCH_ONLY;SAMPLE_TOO_SMALL_LOCAL_11_MATCHES_NOT_PRODUCTION_READY,True,False,research_only_event_derived_prototype_not_final_not_provider_direct
195016,Mouad Mouchtanim,MID,2365.0,Difaâ El Jadida,62.11666666666667,7.355236,78.504673,low_research_only,0.640625,retention;defensive_activity,chance_creation;progression,PARTIAL_DERIVATION_RESEARCH_ONLY;SAMPLE_TOO_SMALL_LOCAL_11_MATCHES_NOT_PRODUCTION_READY,True,False,research_only_event_derived_prototype_not_final_not_provider_direct
199611,Youssef Mehri,MID,2762.0,RSB Berkane,148.48333333333335,6.436924,57.943925,low_research_only,0.640625,retention;chance_creation,progression;defensive_activity,PARTIAL_DERIVATION_RESEARCH_ONLY;SAMPLE_TOO_SMALL_LOCAL_11_MATCHES_NOT_PRODUCTION_READY,True,False,research_only_event_derived_prototype_not_final_not_provider_direct
203027,Walid Rhailouf,MID,6989.0,Olympic Safi,134.98333333333335,6.945307,67.28972,low_research_only,0.640625,retention;progression,chance_creation;defensive_activity,PARTIAL_DERIVATION_RESEARCH_ONLY;SAMPLE_TOO_SMALL_LOCAL_11_MATCHES_NOT_PRODUCTION_READY,True,False,research_only_event_derived_prototype_not_final_not_provider_direct
225437,Stephane Aziz Ki,MID,6994.0,Wydad Casablanca,55.766666666666666,3.679631,9.345794,low_research_only,0.640625,retention;chance_creation,progression;defensive_activity,PARTIAL_DERIVATION_RESEARCH_ONLY;SAMPLE_TOO_SMALL_LOCAL_11_MATCHES_NOT_PRODUCTION_READY,True,False,research_only_event_derived_prototype_not_final_not_provider_direct
261620,Nadir Lougmani,MID,36099.0,KAC Marrakech,33.25,3.372785,7.476636,low_research_only,0.640625,retention;progression,chance_creation;defensive_activity,PARTIAL_DERIVATION_RESEARCH_ONLY;SAMPLE_TOO_SMALL_LOCAL_11_MATCHES_NOT_PRODUCTION_READY,True,False,research_only_event_derived_prototype_not_final_not_provider_direct
275341,Yazid Faffa,MID,18552.0,Renaissance Zemamra,63.73333333333333,5.33689,32.71028,low_research_only,0.640625,retention;defensive_activity,progression;chance_creation,PARTIAL_DERIVATION_RESEARCH_ONLY;SAMPLE_TOO_SMALL_LOCAL_11_MATCHES_NOT_PRODUCTION_READY,True,False,research_only_event_derived_prototype_not_final_not_provider_direct
312935,Amine Azri,MID,2762.0,RSB Berkane,52.4,7.140123,71.962617,low_research_only,0.640625,retention;defensive_activity,progression;chance_creation,PARTIAL_DERIVATION_RESEARCH_ONLY;SAMPLE_TOO_SMALL_LOCAL_11_MATCHES_NOT_PRODUCTION_READY,True,False,research_only_event_derived_prototype_not_final_not_provider_direct
313277,Mohamed Chemlal,MID,6989.0,Olympic Safi,23.4,15.354165,94.392523,low_research_only,0.640625,chance_creation;retention,progression;defensive_activity,PARTIAL_DERIVATION_RESEARCH_ONLY;SAMPLE_TOO_SMALL_LOCAL_11_MATCHES_NOT_PRODUCTION_READY,True,False,research_only_event_derived_prototype_not_final_not_provider_direct
313284,Achraf Harmach,MID,6995.0,Maghreb Fès,81.28333333333333,4.852597,20.560748,low_research_only,0.640625,retention;defensive_activity,progression;chance_creation,PARTIAL_DERIVATION_RESEARCH_ONLY;SAMPLE_TOO_SMALL_LOCAL_11_MATCHES_NOT_PRODUCTION_READY,True,False,research_only_event_derived_prototype_not_final_not_provider_direct
314460,Ayoub Bouaadli,MID,36100.0,US Yacoub El Mansour,64.75,6.225422,48.598131,low_research_only,0.640625,retention;progression,defensive_activity;chance_creation,PARTIAL_DERIVATION_RESEARCH_ONLY;SAMPLE_TOO_SMALL_LOCAL_11_MATCHES_NOT_PRODUCTION_READY,True,False,research_only_event_derived_prototype_not_final_not_provider_direct
323979,Zakaria Fatihi,MID,18552.0,Renaissance Zemamra,6.583333333333333,8.637125,88.785047,low_research_only,0.640625,retention;progression,defensive_activity;chance_creation,PARTIAL_DERIVATION_RESEARCH_ONLY;SAMPLE_TOO_SMALL_LOCAL_11_MATCHES_NOT_PRODUCTION_READY,True,False,research_only_event_derived_prototype_not_final_not_provider_direct
360838,Zakaria Ami,MID,6992.0,Hassania Agadir,69.25,3.824827,13.084112,low_research_only,0.640625,defensive_activity;chance_creation,retention;progression,PARTIAL_DERIVATION_RESEARCH_ONLY;SAMPLE_TOO_SMALL_LOCAL_11_MATCHES_NOT_PRODUCTION_READY,True,False,research_only_event_derived_prototype_not_final_not_provider_direct
380600,Mouad Goulouss,MID,25917.0,CODM Meknès,69.71666666666667,3.600052,8.411215,low_research_only,0.640625,retention;defensive_activity,progression;chance_creation,PARTIAL_DERIVATION_RESEARCH_ONLY;SAMPLE_TOO_SMALL_LOCAL_11_MATCHES_NOT_PRODUCTION_READY,True,False,research_only_event_derived_prototype_not_final_not_provider_direct
381935,Ismail Mihrab,MID,36099.0,KAC Marrakech,134.91666666666666,4.872597,21.495327,low_research_only,0.640625,retention;defensive_activity,progression;chance_creation,PARTIAL_DERIVATION_RESEARCH_ONLY;SAMPLE_TOO_SMALL_LOCAL_11_MATCHES_NOT_PRODUCTION_READY,True,False,research_only_event_derived_prototype_not_final_not_provider_direct
396748,Youssef Laghzal,MID,2839.0,Ittihad Tanger,10.416666666666666,3.045565,3.738318,low_research_only,0.640625,retention;defensive_activity,progression;chance_creation,PARTIAL_DERIVATION_RESEARCH_ONLY;SAMPLE_TOO_SMALL_LOCAL_11_MATCHES_NOT_PRODUCTION_READY,True,False,research_only_event_derived_prototype_not_final_not_provider_direct
405645,Othmane Chraibi,MID,2349.0,Raja Casablanca,11.9,7.479366,81.308411,low_research_only,0.640625,retention;progression,defensive_activity;chance_creation,PARTIAL_DERIVATION_RESEARCH_ONLY;SAMPLE_TOO_SMALL_LOCAL_11_MATCHES_NOT_PRODUCTION_READY,True,False,research_only_event_derived_prototype_not_final_not_provider_direct
406269,Danilson Gomes Tavares,MID,11935.0,UTS Rabat,59.66666666666666,4.803898,19.626168,low_research_only,0.640625,retention;defensive_activity,progression;chance_creation,PARTIAL_DERIVATION_RESEARCH_ONLY;SAMPLE_TOO_SMALL_LOCAL_11_MATCHES_NOT_PRODUCTION_READY,True,False,research_only_event_derived_prototype_not_final_not_provider_direct
407207,Ennaama El Bellali,MID,2839.0,Ittihad Tanger,125.41666666666666,6.125621,44.859813,low_research_only,0.640625,retention;defensive_activity,progression;chance_creation,PARTIAL_DERIVATION_RESEARCH_ONLY;SAMPLE_TOO_SMALL_LOCAL_11_MATCHES_NOT_PRODUCTION_READY,True,False,research_only_event_derived_prototype_not_final_not_provider_direct
407506,Oussama Nourdine,MID,6995.0,Maghreb Fès,68.3,6.507903,59.813084,low_research_only,0.640625,retention;defensive_activity,progression;chance_creation,PARTIAL_DERIVATION_RESEARCH_ONLY;SAMPLE_TOO_SMALL_LOCAL_11_MATCHES_NOT_PRODUCTION_READY,True,False,research_only_event_derived_prototype_not_final_not_provider_direct
407852,Abdessamad Mahir,MID,2761.0,FUS Rabat,90.0,6.374908,53.271028,low_research_only,0.640625,retention;defensive_activity,progression;chance_creation,PARTIAL_DERIVATION_RESEARCH_ONLY;SAMPLE_TOO_SMALL_LOCAL_11_MATCHES_NOT_PRODUCTION_READY,True,False,research_only_event_derived_prototype_not_final_not_provider_direct
415853,Claude Gnolou,MID,36099.0,KAC Marrakech,156.61666666666667,6.733803,62.616822,low_research_only,0.640625,retention;defensive_activity,progression;chance_creation,PARTIAL_DERIVATION_RESEARCH_ONLY;SAMPLE_TOO_SMALL_LOCAL_11_MATCHES_NOT_PRODUCTION_READY,True,False,research_only_event_derived_prototype_not_final_not_provider_direct
416303,El Mahdi Akoumi,MID,6992.0,Hassania Agadir,91.51666666666668,3.756848,10.280374,low_research_only,0.640625,retention;defensive_activity,chance_creation;progression,PARTIAL_DERIVATION_RESEARCH_ONLY;SAMPLE_TOO_SMALL_LOCAL_11_MATCHES_NOT_PRODUCTION_READY,True,False,research_only_event_derived_prototype_not_final_not_provider_direct
424979,Soufiane Tazi,MID,2761.0,FUS Rabat,72.58333333333333,7.010962,70.093458,low_research_only,0.640625,retention;progression,defensive_activity;chance_creation,PARTIAL_DERIVATION_RESEARCH_ONLY;SAMPLE_TOO_SMALL_LOCAL_11_MATCHES_NOT_PRODUCTION_READY,True,False,research_only_event_derived_prototype_not_final_not_provider_direct
425583,Mouad Dahak,MID,2349.0,Raja Casablanca,0.0,56.25,99.53271,low_research_only,0.5625,retention,retention,PARTIAL_DERIVATION_RESEARCH_ONLY;SAMPLE_TOO_SMALL_LOCAL_11_MATCHES_NOT_PRODUCTION_READY,True,False,research_only_event_derived_prototype_not_final_not_provider_direct
442288,Adnane Berdad,MID,25917.0,CODM Meknès,90.0,5.296031,30.841121,low_research_only,0.640625,retention;defensive_activity,progression;chance_creation,PARTIAL_DERIVATION_RESEARCH_ONLY;SAMPLE_TOO_SMALL_LOCAL_11_MATCHES_NOT_PRODUCTION_READY,True,False,research_only_event_derived_prototype_not_final_not_provider_direct
442292,Abdellatif El Bajjani,MID,18552.0,Renaissance Zemamra,90.0,6.43061,57.009346,low_research_only,0.640625,retention;progression,defensive_activity;chance_creation,PARTIAL_DERIVATION_RESEARCH_ONLY;SAMPLE_TOO_SMALL_LOCAL_11_MATCHES_NOT_PRODUCTION_READY,True,False,research_only_event_derived_prototype_not_final_not_provider_direct
443951,Youness Akharraz,MID,11935.0,UTS Rabat,77.51666666666667,3.353366,5.607477,low_research_only,0.640625,retention;defensive_activity,progression;chance_creation,PARTIAL_DERIVATION_RESEARCH_ONLY;SAMPLE_TOO_SMALL_LOCAL_11_MATCHES_NOT_PRODUCTION_READY,True,False,research_only_event_derived_prototype_not_final_not_provider_direct
445163,Ayoub Maamouri,MID,2349.0,Raja Casablanca,63.63333333333333,3.362547,6.542056,low_research_only,0.640625,retention;chance_creation,defensive_activity;progression,PARTIAL_DERIVATION_RESEARCH_ONLY;SAMPLE_TOO_SMALL_LOCAL_11_MATCHES_NOT_PRODUCTION_READY,True,False,research_only_event_derived_prototype_not_final_not_provider_direct
446355,Ishak Zidani,MID,18552.0,Renaissance Zemamra,90.0,5.509489,37.383178,low_research_only,0.640625,retention;progression,chance_creation;defensive_activity,PARTIAL_DERIVATION_RESEARCH_ONLY;SAMPLE_TOO_SMALL_LOCAL_11_MATCHES_NOT_PRODUCTION_READY,True,False,research_only_event_derived_prototype_not_final_not_provider_direct
449373,Marouane Oujeddou,MID,18552.0,Renaissance Zemamra,90.0,5.239936,28.971963,low_research_only,0.640625,retention;chance_creation,progression;defensive_activity,PARTIAL_DERIVATION_RESEARCH_ONLY;SAMPLE_TOO_SMALL_LOCAL_11_MATCHES_NOT_PRODUCTION_READY,True,False,research_only_event_derived_prototype_not_final_not_provider_direct
449471,Ayman Tarrazi,MID,6992.0,Hassania Agadir,20.75,4.61097,17.757009,low_research_only,0.640625,retention;defensive_activity,progression;chance_creation,PARTIAL_DERIVATION_RESEARCH_ONLY;SAMPLE_TOO_SMALL_LOCAL_11_MATCHES_NOT_PRODUCTION_READY,True,False,research_only_event_derived_prototype_not_final_not_provider_direct
450709,Joseph Bakasu       ,MID,6994.0,Wydad Casablanca,20.03333333333333,4.885034,22.429907,low_research_only,0.640625,retention;defensive_activity,progression;chance_creation,PARTIAL_DERIVATION_RESEARCH_ONLY;SAMPLE_TOO_SMALL_LOCAL_11_MATCHES_NOT_PRODUCTION_READY,True,False,research_only_event_derived_prototype_not_final_not_provider_direct
460266,Youness Dahmani,MID,11935.0,UTS Rabat,86.16666666666667,3.085843,4.672897,low_research_only,0.640625,defensive_activity;chance_creation,progression;retention,PARTIAL_DERIVATION_RESEARCH_ONLY;SAMPLE_TOO_SMALL_LOCAL_11_MATCHES_NOT_PRODUCTION_READY,True,False,research_only_event_derived_prototype_not_final_not_provider_direct
477679,Redouane Oubidar,MID,2889.0,Olympique Dcheïra,90.0,7.105274,71.028037,low_research_only,0.640625,retention;defensive_activity,progression;chance_creation,PARTIAL_DERIVATION_RESEARCH_ONLY;SAMPLE_TOO_SMALL_LOCAL_11_MATCHES_NOT_PRODUCTION_READY,True,False,research_only_event_derived_prototype_not_final_not_provider_direct
477680,Hamza Saoud,MID,2889.0,Olympique Dcheïra,32.38333333333333,7.423392,80.373832,low_research_only,0.640625,retention;chance_creation,defensive_activity;progression,PARTIAL_DERIVATION_RESEARCH_ONLY;SAMPLE_TOO_SMALL_LOCAL_11_MATCHES_NOT_PRODUCTION_READY,True,False,research_only_event_derived_prototype_not_final_not_provider_direct
477682,Ayoub Benaadi,MID,2889.0,Olympique Dcheïra,90.0,6.396407,56.074766,low_research_only,0.640625,retention;chance_creation,progression;defensive_activity,PARTIAL_DERIVATION_RESEARCH_ONLY;SAMPLE_TOO_SMALL_LOCAL_11_MATCHES_NOT_PRODUCTION_READY,True,False,research_only_event_derived_prototype_not_final_not_provider_direct
477688,Ayoub El Khaffi,MID,2365.0,Difaâ El Jadida,3.0166666666666666,8.376836,87.850467,low_research_only,0.640625,retention;defensive_activity,progression;chance_creation,PARTIAL_DERIVATION_RESEARCH_ONLY;SAMPLE_TOO_SMALL_LOCAL_11_MATCHES_NOT_PRODUCTION_READY,True,False,research_only_event_derived_prototype_not_final_not_provider_direct
523298,Mohamed Ahayaoui,MID,36100.0,US Yacoub El Mansour,13.116666666666667,7.802557,85.046729,low_research_only,0.640625,retention;defensive_activity,progression;chance_creation,PARTIAL_DERIVATION_RESEARCH_ONLY;SAMPLE_TOO_SMALL_LOCAL_11_MATCHES_NOT_PRODUCTION_READY,True,False,research_only_event_derived_prototype_not_final_not_provider_direct
523308,Adil Khalloufi,MID,36100.0,US Yacoub El Mansour,90.0,7.29602,73.831776,low_research_only,0.640625,retention;defensive_activity,progression;chance_creation,PARTIAL_DERIVATION_RESEARCH_ONLY;SAMPLE_TOO_SMALL_LOCAL_11_MATCHES_NOT_PRODUCTION_READY,True,False,research_only_event_derived_prototype_not_final_not_provider_direct
523312,Brahim Mansouri,MID,36100.0,US Yacoub El Mansour,25.25,6.534404,60.747664,low_research_only,0.640625,retention;chance_creation,progression;defensive_activity,PARTIAL_DERIVATION_RESEARCH_ONLY;SAMPLE_TOO_SMALL_LOCAL_11_MATCHES_NOT_PRODUCTION_READY,True,False,research_only_event_derived_prototype_not_final_not_provider_direct
523319,Omar Ouddah,MID,2889.0,Olympique Dcheïra,56.46666666666667,7.636657,83.17757,low_research_only,0.640625,retention;defensive_activity,progression;chance_creation,PARTIAL_DERIVATION_RESEARCH_ONLY;SAMPLE_TOO_SMALL_LOCAL_11_MATCHES_NOT_PRODUCTION_READY,True,False,research_only_event_derived_prototype_not_final_not_provider_direct
523973,Hamza Rafa,MID,36099.0,KAC Marrakech,23.383333333333333,5.227545,27.102804,low_research_only,0.640625,retention;defensive_activity,progression;chance_creation,PARTIAL_DERIVATION_RESEARCH_ONLY;SAMPLE_TOO_SMALL_LOCAL_11_MATCHES_NOT_PRODUCTION_READY,True,False,research_only_event_derived_prototype_not_final_not_provider_direct
523996,Fred Duval Ngoma,MID,6989.0,Olympic Safi,147.81666666666666,5.363272,34.579439,low_research_only,0.640625,retention;defensive_activity,progression;chance_creation,PARTIAL_DERIVATION_RESEARCH_ONLY;SAMPLE_TOO_SMALL_LOCAL_11_MATCHES_NOT_PRODUCTION_READY,True,False,research_only_event_derived_prototype_not_final_not_provider_direct
523997,Karim L'Koucha,MID,6989.0,Olympic Safi,69.3,3.799605,12.149533,low_research_only,0.640625,retention;defensive_activity,progression;chance_creation,PARTIAL_DERIVATION_RESEARCH_ONLY;SAMPLE_TOO_SMALL_LOCAL_11_MATCHES_NOT_PRODUCTION_READY,True,False,research_only_event_derived_prototype_not_final_not_provider_direct
523999,Zakaria Kessary,MID,11935.0,UTS Rabat,30.18333333333333,6.661574,61.682243,low_research_only,0.640625,retention;progression,defensive_activity;chance_creation,PARTIAL_DERIVATION_RESEARCH_ONLY;SAMPLE_TOO_SMALL_LOCAL_11_MATCHES_NOT_PRODUCTION_READY,True,False,research_only_event_derived_prototype_not_final_not_provider_direct
524000,Ahmed Aboulfath,MID,11935.0,UTS Rabat,12.483333333333333,5.096362,24.299065,low_research_only,0.640625,progression;retention,defensive_activity;chance_creation,PARTIAL_DERIVATION_RESEARCH_ONLY;SAMPLE_TOO_SMALL_LOCAL_11_MATCHES_NOT_PRODUCTION_READY,True,False,research_only_event_derived_prototype_not_final_not_provider_direct
524002,Salim Ghazzani,MID,11935.0,UTS Rabat,3.8333333333333335,11.456059,92.523364,low_research_only,0.640625,progression;retention,chance_creation;defensive_activity,PARTIAL_DERIVATION_RESEARCH_ONLY;SAMPLE_TOO_SMALL_LOCAL_11_MATCHES_NOT_PRODUCTION_READY,True,False,research_only_event_derived_prototype_not_final_not_provider_direct
524003,Mohammed Es-Sahel,MID,11935.0,UTS Rabat,59.81666666666667,5.481947,35.514019,low_research_only,0.640625,retention;defensive_activity,progression;chance_creation,PARTIAL_DERIVATION_RESEARCH_ONLY;SAMPLE_TOO_SMALL_LOCAL_11_MATCHES_NOT_PRODUCTION_READY,True,False,research_only_event_derived_prototype_not_final_not_provider_direct
524511,Saad Nassik,MID,18552.0,Renaissance Zemamra,62.03333333333333,5.114866,25.233645,low_research_only,0.640625,retention;defensive_activity,progression;chance_creation,PARTIAL_DERIVATION_RESEARCH_ONLY;SAMPLE_TOO_SMALL_LOCAL_11_MATCHES_NOT_PRODUCTION_READY,True,False,research_only_event_derived_prototype_not_final_not_provider_direct
3302,Nordin Amrabat,WINGER,6994.0,Wydad Casablanca,76.91666666666667,27.006082,83.870968,low_research_only,0.667969,chance_creation;carrying,box_threat;shot_threat,PARTIAL_DERIVATION_RESEARCH_ONLY;SAMPLE_TOO_SMALL_LOCAL_11_MATCHES_NOT_PRODUCTION_READY,True,False,research_only_event_derived_prototype_not_final_not_provider_direct
7242,Ange-Freddy Plumain,WINGER,6992.0,Hassania Agadir,91.51666666666668,22.047387,74.193548,low_research_only,0.667969,chance_creation;carrying,box_threat;shot_threat,PARTIAL_DERIVATION_RESEARCH_ONLY;SAMPLE_TOO_SMALL_LOCAL_11_MATCHES_NOT_PRODUCTION_READY,True,False,research_only_event_derived_prototype_not_final_not_provider_direct
16208,Arthur Kevin Yamga,WINGER,6995.0,Maghreb Fès,90.0,7.399842,9.677419,low_research_only,0.667969,chance_creation;shot_threat,carrying;box_threat,PARTIAL_DERIVATION_RESEARCH_ONLY;SAMPLE_TOO_SMALL_LOCAL_11_MATCHES_NOT_PRODUCTION_READY,True,False,research_only_event_derived_prototype_not_final_not_provider_direct
21573,Mohamed Rayhi,WINGER,6994.0,Wydad Casablanca,57.05,24.941062,77.419355,low_research_only,0.667969,shot_threat;box_threat,carrying;chance_creation,PARTIAL_DERIVATION_RESEARCH_ONLY;SAMPLE_TOO_SMALL_LOCAL_11_MATCHES_NOT_PRODUCTION_READY,True,False,research_only_event_derived_prototype_not_final_not_provider_direct
34952,Soufyan Ahannach,WINGER,36100.0,US Yacoub El Mansour,76.88333333333333,16.24539,38.709677,low_research_only,0.667969,chance_creation;carrying,box_threat;shot_threat,PARTIAL_DERIVATION_RESEARCH_ONLY;SAMPLE_TOO_SMALL_LOCAL_11_MATCHES_NOT_PRODUCTION_READY,True,False,research_only_event_derived_prototype_not_final_not_provider_direct
46648,Marwane Elaz,WINGER,6989.0,Olympic Safi,45.016666666666666,16.778995,45.16129,low_research_only,0.667969,chance_creation;carrying,box_threat;shot_threat,PARTIAL_DERIVATION_RESEARCH_ONLY;SAMPLE_TOO_SMALL_LOCAL_11_MATCHES_NOT_PRODUCTION_READY,True,False,research_only_event_derived_prototype_not_final_not_provider_direct
64615,Thembinkosi Lorch,WINGER,6994.0,Wydad Casablanca,32.95,31.808214,93.548387,low_research_only,0.667969,carrying;chance_creation,shot_threat;box_threat,PARTIAL_DERIVATION_RESEARCH_ONLY;SAMPLE_TOO_SMALL_LOCAL_11_MATCHES_NOT_PRODUCTION_READY,True,False,research_only_event_derived_prototype_not_final_not_provider_direct
126527,Kabelo Seakanyeng,WINGER,6995.0,Maghreb Fès,94.25,7.190131,6.451613,low_research_only,0.667969,chance_creation;shot_threat,box_threat;carrying,PARTIAL_DERIVATION_RESEARCH_ONLY;SAMPLE_TOO_SMALL_LOCAL_11_MATCHES_NOT_PRODUCTION_READY,True,False,research_only_event_derived_prototype_not_final_not_provider_direct
132614,Walid Nassi Ouled Bentle,WINGER,6994.0,Wydad Casablanca,13.083333333333334,35.539262,96.774194,low_research_only,0.667969,carrying;shot_threat,box_threat;chance_creation,PARTIAL_DERIVATION_RESEARCH_ONLY;SAMPLE_TOO_SMALL_LOCAL_11_MATCHES_NOT_PRODUCTION_READY,True,False,research_only_event_derived_prototype_not_final_not_provider_direct
139001,Youssef Anouar,WINGER,25917.0,CODM Meknès,85.8,20.815564,61.290323,low_research_only,0.667969,chance_creation;box_threat,carrying;shot_threat,PARTIAL_DERIVATION_RESEARCH_ONLY;SAMPLE_TOO_SMALL_LOCAL_11_MATCHES_NOT_PRODUCTION_READY,True,False,research_only_event_derived_prototype_not_final_not_provider_direct
139008,Amine Souane,WINGER,2761.0,FUS Rabat,72.28333333333333,21.615634,70.967742,low_research_only,0.667969,box_threat;carrying,chance_creation;shot_threat,PARTIAL_DERIVATION_RESEARCH_ONLY;SAMPLE_TOO_SMALL_LOCAL_11_MATCHES_NOT_PRODUCTION_READY,True,False,research_only_event_derived_prototype_not_final_not_provider_direct
139017,Salah-eddine Benyachou,WINGER,2761.0,FUS Rabat,55.766666666666666,17.478116,51.612903,low_research_only,0.667969,shot_threat;box_threat,chance_creation;carrying,PARTIAL_DERIVATION_RESEARCH_ONLY;SAMPLE_TOO_SMALL_LOCAL_11_MATCHES_NOT_PRODUCTION_READY,True,False,research_only_event_derived_prototype_not_final_not_provider_direct
140874,Reda Slim,WINGER,2838.0,FAR Rabat,20.016666666666666,26.84342,80.645161,low_research_only,0.667969,carrying;chance_creation,box_threat;shot_threat,PARTIAL_DERIVATION_RESEARCH_ONLY;SAMPLE_TOO_SMALL_LOCAL_11_MATCHES_NOT_PRODUCTION_READY,True,False,research_only_event_derived_prototype_not_final_not_provider_direct
179311,Imad Riahi,WINGER,2762.0,RSB Berkane,8.433333333333334,20.120221,58.064516,low_research_only,0.667969,carrying;chance_creation,shot_threat;box_threat,PARTIAL_DERIVATION_RESEARCH_ONLY;SAMPLE_TOO_SMALL_LOCAL_11_MATCHES_NOT_PRODUCTION_READY,True,False,research_only_event_derived_prototype_not_final_not_provider_direct
194914,Chouaib Faidi,WINGER,2761.0,FUS Rabat,17.71666666666667,27.102757,87.096774,low_research_only,0.667969,shot_threat;chance_creation,carrying;box_threat,PARTIAL_DERIVATION_RESEARCH_ONLY;SAMPLE_TOO_SMALL_LOCAL_11_MATCHES_NOT_PRODUCTION_READY,True,False,research_only_event_derived_prototype_not_final_not_provider_direct
195301,Fahd Bendahmane,WINGER,6992.0,Hassania Agadir,21.016666666666666,15.697919,35.483871,low_research_only,0.667969,chance_creation;box_threat,carrying;shot_threat,PARTIAL_DERIVATION_RESEARCH_ONLY;SAMPLE_TOO_SMALL_LOCAL_11_MATCHES_NOT_PRODUCTION_READY,True,False,research_only_event_derived_prototype_not_final_not_provider_direct
312938,Yassine Lamine,WINGER,2365.0,Difaâ El Jadida,61.833333333333336,12.21728,22.580645,low_research_only,0.667969,chance_creation;shot_threat,carrying;box_threat,PARTIAL_DERIVATION_RESEARCH_ONLY;SAMPLE_TOO_SMALL_LOCAL_11_MATCHES_NOT_PRODUCTION_READY,True,False,research_only_event_derived_prototype_not_final_not_provider_direct
358748,Abdellah Ait Brahim,WINGER,6992.0,Hassania Agadir,68.73333333333333,21.098456,64.516129,low_research_only,0.667969,chance_creation;box_threat,carrying;shot_threat,PARTIAL_DERIVATION_RESEARCH_ONLY;SAMPLE_TOO_SMALL_LOCAL_11_MATCHES_NOT_PRODUCTION_READY,True,False,research_only_event_derived_prototype_not_final_not_provider_direct
387245,Anass Eddaou,WINGER,6989.0,Olympic Safi,11.866666666666667,31.622231,90.322581,low_research_only,0.667969,shot_threat;box_threat,carrying;chance_creation,PARTIAL_DERIVATION_RESEARCH_ONLY;SAMPLE_TOO_SMALL_LOCAL_11_MATCHES_NOT_PRODUCTION_READY,True,False,research_only_event_derived_prototype_not_final_not_provider_direct
399624,Mohamed Zinaf,WINGER,25917.0,CODM Meknès,4.2,13.975601,29.032258,low_research_only,0.667969,carrying;chance_creation,shot_threat;box_threat,PARTIAL_DERIVATION_RESEARCH_ONLY;SAMPLE_TOO_SMALL_LOCAL_11_MATCHES_NOT_PRODUCTION_READY,True,False,research_only_event_derived_prototype_not_final_not_provider_direct
407663,Mohamed Habbali,WINGER,2889.0,Olympique Dcheïra,45.0,14.143472,32.258065,low_research_only,0.667969,shot_threat;carrying,chance_creation;box_threat,PARTIAL_DERIVATION_RESEARCH_ONLY;SAMPLE_TOO_SMALL_LOCAL_11_MATCHES_NOT_PRODUCTION_READY,True,False,research_only_event_derived_prototype_not_final_not_provider_direct
407665,Soufiane Jazouli,WINGER,2889.0,Olympique Dcheïra,45.0,21.313372,67.741935,low_research_only,0.667969,carrying;chance_creation,box_threat;shot_threat,PARTIAL_DERIVATION_RESEARCH_ONLY;SAMPLE_TOO_SMALL_LOCAL_11_MATCHES_NOT_PRODUCTION_READY,True,False,research_only_event_derived_prototype_not_final_not_provider_direct
409131,Abdellatif Benkassou,WINGER,25917.0,CODM Meknès,69.23333333333333,10.666777,16.129032,low_research_only,0.667969,carrying;chance_creation,shot_threat;box_threat,PARTIAL_DERIVATION_RESEARCH_ONLY;SAMPLE_TOO_SMALL_LOCAL_11_MATCHES_NOT_PRODUCTION_READY,True,False,research_only_event_derived_prototype_not_final_not_provider_direct
435547,Abdallah Ziani,WINGER,2365.0,Difaâ El Jadida,28.166666666666668,19.704197,54.83871,low_research_only,0.667969,chance_creation;box_threat,carrying;shot_threat,PARTIAL_DERIVATION_RESEARCH_ONLY;SAMPLE_TOO_SMALL_LOCAL_11_MATCHES_NOT_PRODUCTION_READY,True,False,research_only_event_derived_prototype_not_final_not_provider_direct
442098,Khalid Baba,WINGER,2365.0,Difaâ El Jadida,90.0,17.277411,48.387097,low_research_only,0.667969,chance_creation;carrying,box_threat;shot_threat,PARTIAL_DERIVATION_RESEARCH_ONLY;SAMPLE_TOO_SMALL_LOCAL_11_MATCHES_NOT_PRODUCTION_READY,True,False,research_only_event_derived_prototype_not_final_not_provider_direct
477555,Adam Brika,WINGER,6995.0,Maghreb Fès,8.666666666666666,4.552401,3.225806,low_research_only,0.667969,chance_creation;shot_threat,carrying;box_threat,PARTIAL_DERIVATION_RESEARCH_ONLY;SAMPLE_TOO_SMALL_LOCAL_11_MATCHES_NOT_PRODUCTION_READY,True,False,research_only_event_derived_prototype_not_final_not_provider_direct
477681,Brahim Ait Hammou,WINGER,2889.0,Olympique Dcheïra,45.0,11.176429,19.354839,low_research_only,0.667969,carrying;shot_threat,chance_creation;box_threat,PARTIAL_DERIVATION_RESEARCH_ONLY;SAMPLE_TOO_SMALL_LOCAL_11_MATCHES_NOT_PRODUCTION_READY,True,False,research_only_event_derived_prototype_not_final_not_provider_direct
523309,Jalal-Eddine El Khfiyef,WINGER,36100.0,US Yacoub El Mansour,64.66666666666667,16.632889,41.935484,low_research_only,0.667969,carrying;chance_creation,box_threat;shot_threat,PARTIAL_DERIVATION_RESEARCH_ONLY;SAMPLE_TOO_SMALL_LOCAL_11_MATCHES_NOT_PRODUCTION_READY,True,False,research_only_event_derived_prototype_not_final_not_provider_direct
523314,Mouhcine Boussanane,WINGER,36100.0,US Yacoub El Mansour,25.33333333333333,13.285295,25.806452,low_research_only,0.667969,chance_creation;box_threat,shot_threat;carrying,PARTIAL_DERIVATION_RESEARCH_ONLY;SAMPLE_TOO_SMALL_LOCAL_11_MATCHES_NOT_PRODUCTION_READY,True,False,research_only_event_derived_prototype_not_final_not_provider_direct
523338,Salah Eddine Essalehy,WINGER,2889.0,Olympique Dcheïra,45.0,10.36626,12.903226,low_research_only,0.667969,chance_creation;box_threat,shot_threat;carrying,PARTIAL_DERIVATION_RESEARCH_ONLY;SAMPLE_TOO_SMALL_LOCAL_11_MATCHES_NOT_PRODUCTION_READY,True,False,research_only_event_derived_prototype_not_final_not_provider_direct
524395,Amine Dghoughi,WINGER,25917.0,CODM Meknès,20.76666666666667,37.084843,100.0,low_research_only,0.667969,shot_threat;box_threat,carrying;chance_creation,PARTIAL_DERIVATION_RESEARCH_ONLY;SAMPLE_TOO_SMALL_LOCAL_11_MATCHES_NOT_PRODUCTION_READY,True,False,research_only_event_derived_prototype_not_final_not_provider_direct
